entry_date,exit_date,stock,weight,gross_return,net_return,cost
2025-05-16,2025-05-23,TCS.NS,0.02702702702702703,-0.00816900084846095,-0.01116900084846095,8.108108108108109e-05
2025-05-16,2025-05-23,INFY.NS,0.02702702702702703,-0.006279773475872497,-0.009279773475872496,8.108108108108109e-05
2025-05-16,2025-05-23,BHARTIARTL.NS,0.02702702702702703,0.0065861475678008485,0.0035861475678008485,8.108108108108109e-05
2025-05-16,2025-05-23,ITC.NS,0.02702702702702703,0.007471313852621453,0.004471313852621453,8.108108108108109e-05
2025-05-16,2025-05-23,NTPC.NS,0.02702702702702703,0.02302532423230841,0.02002532423230841,8.108108108108109e-05
2025-05-16,2025-05-23,POWERGRID.NS,0.02702702702702703,-0.006457145635126116,-0.009457145635126115,8.108108108108109e-05
2025-05-16,2025-05-23,ULTRACEMCO.NS,0.02702702702702703,-0.008736561014706101,-0.0117365610147061,8.108108108108109e-05
2025-05-16,2025-05-23,GRASIM.NS,0.02702702702702703,-0.05230504919623857,-0.055305049196238576,8.108108108108109e-05
2025-05-16,2025-05-23,NESTLEIND.NS,0.02702702702702703,0.004326180265866952,0.0013261802658669523,8.108108108108109e-05
2025-05-16,2025-05-23,WIPRO.NS,0.02702702702702703,-0.02288540837744013,-0.02588540837744013,8.108108108108109e-05
2025-05-16,2025-05-23,EICHERMOT.NS,0.02702702702702703,-0.019419212399463204,-0.022419212399463203,8.108108108108109e-05
2025-05-16,2025-05-23,PIDILITIND.NS,0.02702702702702703,-0.014544305925648815,-0.017544305925648814,8.108108108108109e-05
2025-05-16,2025-05-23,GODREJCP.NS,0.02702702702702703,-0.018572540508771773,-0.021572540508771772,8.108108108108109e-05
2025-05-16,2025-05-23,DABUR.NS,0.02702702702702703,0.009212680867188627,0.006212680867188627,8.108108108108109e-05
2025-05-16,2025-05-23,LUPIN.NS,0.02702702702702703,-0.04251729320116815,-0.04551729320116815,8.108108108108109e-05
2025-05-16,2025-05-23,TATAPOWER.NS,0.02702702702702703,-0.01360957425521303,-0.01660957425521303,8.108108108108109e-05
2025-05-16,2025-05-23,NHPC.NS,0.02702702702702703,-0.043135917750892205,-0.04613591775089221,8.108108108108109e-05
2025-05-16,2025-05-23,TORNTPOWER.NS,0.02702702702702703,-0.022001521266530766,-0.025001521266530765,8.108108108108109e-05
2025-05-16,2025-05-23,CESC.NS,0.02702702702702703,0.025119966778658798,0.0221199667786588,8.108108108108109e-05
2025-05-16,2025-05-23,VEDL.NS,0.02702702702702703,0.004637981739196384,0.001637981739196384,8.108108108108109e-05
2025-05-16,2025-05-23,BALKRISIND.NS,0.02702702702702703,-0.095554985376897,-0.098554985376897,8.108108108108109e-05
2025-05-16,2025-05-23,TATACHEM.NS,0.02702702702702703,0.023139553407074187,0.020139553407074188,8.108108108108109e-05
2025-05-16,2025-05-23,COROMANDEL.NS,0.02702702702702703,-0.02834005850111132,-0.03134005850111132,8.108108108108109e-05
2025-05-16,2025-05-23,GNFC.NS,0.02702702702702703,0.027190378025445217,0.024190378025445217,8.108108108108109e-05
2025-05-16,2025-05-23,JUBLFOOD.NS,0.02702702702702703,-0.015119042163528329,-0.018119042163528328,8.108108108108109e-05
2025-05-16,2025-05-23,BATAINDIA.NS,0.02702702702702703,0.013666925907876104,0.010666925907876105,8.108108108108109e-05
2025-05-16,2025-05-23,RELAXO.NS,0.02702702702702703,0.01033476423765145,0.00733476423765145,8.108108108108109e-05
2025-05-16,2025-05-23,ABFRL.NS,0.02702702702702703,-0.6796306131806027,-0.6826306131806027,8.108108108108109e-05
2025-05-16,2025-05-23,BLUESTARCO.NS,0.02702702702702703,-0.004478544051007227,-0.007478544051007227,8.108108108108109e-05
2025-05-16,2025-05-23,AMBER.NS,0.02702702702702703,-0.010733590733590703,-0.013733590733590702,8.108108108108109e-05
2025-05-16,2025-05-23,GLENMARK.NS,0.02702702702702703,-0.0577716070371308,-0.060771607037130804,8.108108108108109e-05
2025-05-16,2025-05-23,M&MFIN.NS,0.02702702702702703,-0.03492290278554078,-0.03792290278554078,8.108108108108109e-05
2025-05-16,2025-05-23,MANAPPURAM.NS,0.02702702702702703,0.007509918288087558,0.004509918288087558,8.108108108108109e-05
2025-05-16,2025-05-23,BSE.NS,0.02702702702702703,0.017088203961896253,0.014088203961896254,8.108108108108109e-05
2025-05-16,2025-05-23,RAYMOND.NS,0.02702702702702703,-0.0048597530999332506,-0.00785975309993325,8.108108108108109e-05
2025-05-16,2025-05-23,NATCOPHARM.NS,0.02702702702702703,0.04270461456660235,0.03970461456660235,8.108108108108109e-05
2025-05-16,2025-05-23,RADICO.NS,0.02702702702702703,-0.047628294619183276,-0.05062829461918328,8.108108108108109e-05
2025-05-23,2025-05-30,^NSEI,0.02702702702702703,-0.01001833493002069,-0.013018334930020688,8.108108108108109e-05
2025-05-23,2025-05-30,TCS.NS,0.02702702702702703,-0.020164686263343667,-0.023164686263343667,8.108108108108109e-05
2025-05-23,2025-05-30,INFY.NS,0.02702702702702703,0.009797896531101857,0.006797896531101857,8.108108108108109e-05
2025-05-23,2025-05-30,BAJFINANCE.NS,0.02702702702702703,-0.008767568261279446,-0.011767568261279445,8.108108108108109e-05
2025-05-23,2025-05-30,INDUSINDBK.NS,0.02702702702702703,0.027289360963381748,0.02428936096338175,8.108108108108109e-05
2025-05-23,2025-05-30,HINDALCO.NS,0.02702702702702703,-0.039770961753519574,-0.042770961753519576,8.108108108108109e-05
2025-05-23,2025-05-30,WIPRO.NS,0.02702702702702703,-0.0035816653930454967,-0.006581665393045497,8.108108108108109e-05
2025-05-23,2025-05-30,BRITANNIA.NS,0.02702702702702703,0.002727326140231634,-0.00027267385976836606,8.108108108108109e-05
2025-05-23,2025-05-30,TATACONSUM.NS,0.02702702702702703,-0.02537158487635638,-0.028371584876356378,8.108108108108109e-05
2025-05-23,2025-05-30,BANDHANBNK.NS,0.02702702702702703,0.029520083650092177,0.026520083650092178,8.108108108108109e-05
2025-05-23,2025-05-30,GAIL.NS,0.02702702702702703,-0.011458308444656118,-0.014458308444656117,8.108108108108109e-05
2025-05-23,2025-05-30,PNB.NS,0.02702702702702703,0.054455391640238604,0.0514553916402386,8.108108108108109e-05
2025-05-23,2025-05-30,BANKBARODA.NS,0.02702702702702703,0.029682738881222193,0.026682738881222193,8.108108108108109e-05
2025-05-23,2025-05-30,GODREJCP.NS,0.02702702702702703,-0.017125358596658535,-0.020125358596658535,8.108108108108109e-05
2025-05-23,2025-05-30,IDFCFIRSTB.NS,0.02702702702702703,0.013116697787018294,0.010116697787018295,8.108108108108109e-05
2025-05-23,2025-05-30,FEDERALBNK.NS,0.02702702702702703,-0.009794306355475846,-0.012794306355475845,8.108108108108109e-05
2025-05-23,2025-05-30,ABCAPITAL.NS,0.02702702702702703,0.0036166503742991463,0.0006166503742991462,8.108108108108109e-05
2025-05-23,2025-05-30,LICHSGFIN.NS,0.02702702702702703,-0.008333373960817014,-0.011333373960817014,8.108108108108109e-05
2025-05-23,2025-05-30,COFORGE.NS,0.02702702702702703,0.0223005844166837,0.0193005844166837,8.108108108108109e-05
2025-05-23,2025-05-30,PERSISTENT.NS,0.02702702702702703,-0.010193448175775499,-0.013193448175775498,8.108108108108109e-05
2025-05-23,2025-05-30,IOC.NS,0.02702702702702703,-0.014507661357482493,-0.017507661357482492,8.108108108108109e-05
2025-05-23,2025-05-30,CHENNPETRO.NS,0.02702702702702703,-0.020109694343466544,-0.023109694343466543,8.108108108108109e-05
2025-05-23,2025-05-30,PETRONET.NS,0.02702702702702703,-0.04062498608468135,-0.04362498608468135,8.108108108108109e-05
2025-05-23,2025-05-30,JINDALSTEL.NS,0.02702702702702703,-0.017857179661664113,-0.020857179661664112,8.108108108108109e-05
2025-05-23,2025-05-30,COROMANDEL.NS,0.02702702702702703,-0.04000006021836655,-0.043000060218366554,8.108108108108109e-05
2025-05-23,2025-05-30,JUBLFOOD.NS,0.02702702702702703,-0.014222318993364347,-0.017222318993364346,8.108108108108109e-05
2025-05-23,2025-05-30,PAGEIND.NS,0.02702702702702703,-0.023674785525574227,-0.026674785525574226,8.108108108108109e-05
2025-05-23,2025-05-30,ABFRL.NS,0.02702702702702703,-0.04656316064680355,-0.04956316064680355,8.108108108108109e-05
2025-05-23,2025-05-30,BLUESTARCO.NS,0.02702702702702703,-0.01523129990363703,-0.01823129990363703,8.108108108108109e-05
2025-05-23,2025-05-30,DIXON.NS,0.02702702702702703,-0.027621410642711286,-0.030621410642711285,8.108108108108109e-05
2025-05-23,2025-05-30,GLENMARK.NS,0.02702702702702703,0.06364952462967888,0.060649524629678875,8.108108108108109e-05
2025-05-23,2025-05-30,POONAWALLA.NS,0.02702702702702703,0.018513869278376838,0.015513869278376839,8.108108108108109e-05
2025-05-23,2025-05-30,MANAPPURAM.NS,0.02702702702702703,0.031376091368016334,0.028376091368016335,8.108108108108109e-05
2025-05-23,2025-05-30,HUDCO.NS,0.02702702702702703,0.05807019061565466,0.05507019061565466,8.108108108108109e-05
2025-05-23,2025-05-30,RAYMOND.NS,0.02702702702702703,-0.002047869908580857,-0.005047869908580857,8.108108108108109e-05
2025-05-23,2025-05-30,NAM-INDIA.NS,0.02702702702702703,0.014039290426694384,0.011039290426694385,8.108108108108109e-05
2025-05-23,2025-05-30,RADICO.NS,0.02702702702702703,0.03713179307462933,0.034131793074629324,8.108108108108109e-05
2025-05-30,2025-06-06,^NSEI,0.02702702702702703,0.019878653009772984,0.016878653009772985,8.108108108108109e-05
2025-05-30,2025-06-06,ICICIBANK.NS,0.02702702702702703,0.01595008918361529,0.012950089183615291,8.108108108108109e-05
2025-05-30,2025-06-06,INFY.NS,0.02702702702702703,0.011538492503688325,0.008538492503688325,8.108108108108109e-05
2025-05-30,2025-06-06,SBIN.NS,0.02702702702702703,0.005597694004329634,0.002597694004329634,8.108108108108109e-05
2025-05-30,2025-06-06,BHARTIARTL.NS,0.02702702702702703,0.016268965834423055,0.013268965834423056,8.108108108108109e-05
2025-05-30,2025-06-06,BAJFINANCE.NS,0.02702702702702703,0.04600218632028552,0.04300218632028552,8.108108108108109e-05
2025-05-30,2025-06-06,AXISBANK.NS,0.02702702702702703,0.019078817866527764,0.016078817866527765,8.108108108108109e-05
2025-05-30,2025-06-06,WIPRO.NS,0.02702702702702703,0.008077558332621804,0.005077558332621804,8.108108108108109e-05
2025-05-30,2025-06-06,BAJAJ-AUTO.NS,0.02702702702702703,0.006785332062358762,0.003785332062358762,8.108108108108109e-05
2025-05-30,2025-06-06,BANDHANBNK.NS,0.02702702702702703,0.02791137654524145,0.02491137654524145,8.108108108108109e-05
2025-05-30,2025-06-06,HAL.NS,0.02702702702702703,0.008893479793257164,0.005893479793257164,8.108108108108109e-05
2025-05-30,2025-06-06,BANKBARODA.NS,0.02702702702702703,0.02006667048779076,0.01706667048779076,8.108108108108109e-05
2025-05-30,2025-06-06,CHOLAFIN.NS,0.02702702702702703,0.03184712499992037,0.028847124999920374,8.108108108108109e-05
2025-05-30,2025-06-06,MAZDOCK.NS,0.02702702702702703,-0.013862108575282694,-0.016862108575282694,8.108108108108109e-05
2025-05-30,2025-06-06,AUBANK.NS,0.02702702702702703,0.0863309880208909,0.0833309880208909,8.108108108108109e-05
2025-05-30,2025-06-06,FEDERALBNK.NS,0.02702702702702703,0.033580659200714624,0.030580659200714625,8.108108108108109e-05
2025-05-30,2025-06-06,RBLBANK.NS,0.02702702702702703,0.03214446973249796,0.02914446973249796,8.108108108108109e-05
2025-05-30,2025-06-06,MPHASIS.NS,0.02702702702702703,0.04005699629692128,0.037056996296921274,8.108108108108109e-05
2025-05-30,2025-06-06,PERSISTENT.NS,0.02702702702702703,0.016512845577174362,0.013512845577174363,8.108108108108109e-05
2025-05-30,2025-06-06,CHENNPETRO.NS,0.02702702702702703,-0.027612020407509874,-0.030612020407509873,8.108108108108109e-05
2025-05-30,2025-06-06,JINDALSTEL.NS,0.02702702702702703,0.030053482582713897,0.027053482582713898,8.108108108108109e-05
2025-05-30,2025-06-06,NMDC.NS,0.02702702702702703,0.026722947938513375,0.023722947938513376,8.108108108108109e-05
2025-05-30,2025-06-06,NATIONALUM.NS,0.02702702702702703,0.06201113150470894,0.059011131504708936,8.108108108108109e-05
2025-05-30,2025-06-06,VEDL.NS,0.02702702702702703,0.04310739025940835,0.04010739025940835,8.108108108108109e-05
2025-05-30,2025-06-06,TATACHEM.NS,0.02702702702702703,0.06002261234643114,0.057022612346431134,8.108108108108109e-05
2025-05-30,2025-06-06,COROMANDEL.NS,0.02702702702702703,-0.0009115455604944422,-0.003911545560494442,8.108108108108109e-05
2025-05-30,2025-06-06,ABFRL.NS,0.02702702702702703,-0.09011627906976749,-0.0931162790697675,8.108108108108109e-05
2025-05-30,2025-06-06,POLICYBZR.NS,0.02702702702702703,0.10826210826210825,0.10526210826210824,8.108108108108109e-05
2025-05-30,2025-06-06,BLUESTARCO.NS,0.02702702702702703,0.0401356811000213,0.0371356811000213,8.108108108108109e-05
2025-05-30,2025-06-06,DIXON.NS,0.02702702702702703,0.016485051302245424,0.013485051302245425,8.108108108108109e-05
2025-05-30,2025-06-06,J&KBANK.NS,0.02702702702702703,0.03527605271628498,0.032276052716284975,8.108108108108109e-05
2025-05-30,2025-06-06,POONAWALLA.NS,0.02702702702702703,0.055768486342487655,0.05276848634248765,8.108108108108109e-05
2025-05-30,2025-06-06,LTF.NS,0.02702702702702703,0.12128663863980815,0.11828663863980815,8.108108108108109e-05
2025-05-30,2025-06-06,MANAPPURAM.NS,0.02702702702702703,0.054582058961954116,0.051582058961954114,8.108108108108109e-05
2025-05-30,2025-06-06,RAYMOND.NS,0.02702702702702703,-0.016653492964433747,-0.019653492964433746,8.108108108108109e-05
2025-05-30,2025-06-06,KAYNES.NS,0.02702702702702703,-0.03727227143573453,-0.04027227143573453,8.108108108108109e-05
2025-05-30,2025-06-06,HDFCAMC.NS,0.02702702702702703,0.09447684059501293,0.09147684059501293,8.108108108108109e-05
2025-06-06,2025-06-13,^NSEI,0.02702702702702703,-0.017001125060753464,-0.020001125060753463,8.108108108108109e-05
2025-06-06,2025-06-13,HDFCBANK.NS,0.02702702702702703,-0.035588985875926626,-0.03858898587592663,8.108108108108109e-05
2025-06-06,2025-06-13,ICICIBANK.NS,0.02702702702702703,-0.0330375951853118,-0.0360375951853118,8.108108108108109e-05
2025-06-06,2025-06-13,SBIN.NS,0.02702702702702703,-0.03046247591228901,-0.033462475912289014,8.108108108108109e-05
2025-06-06,2025-06-13,BHARTIARTL.NS,0.02702702702702703,-0.017022409718396747,-0.020022409718396746,8.108108108108109e-05
2025-06-06,2025-06-13,TITAN.NS,0.02702702702702703,-0.04314407969210954,-0.04614407969210954,8.108108108108109e-05
2025-06-06,2025-06-13,HCLTECH.NS,0.02702702702702703,0.02669893489710584,0.023698934897105842,8.108108108108109e-05
2025-06-06,2025-06-13,POWERGRID.NS,0.02702702702702703,-0.03372472200242271,-0.036724722002422716,8.108108108108109e-05
2025-06-06,2025-06-13,HINDALCO.NS,0.02702702702702703,-0.017753292220040517,-0.020753292220040517,8.108108108108109e-05
2025-06-06,2025-06-13,BRITANNIA.NS,0.02702702702702703,-0.015428216263224992,-0.01842821626322499,8.108108108108109e-05
2025-06-06,2025-06-13,EICHERMOT.NS,0.02702702702702703,-0.021578695759421285,-0.024578695759421284,8.108108108108109e-05
2025-06-06,2025-06-13,DIVISLAB.NS,0.02702702702702703,0.011361054375144564,0.008361054375144564,8.108108108108109e-05
2025-06-06,2025-06-13,CIPLA.NS,0.02702702702702703,-0.006482707401710086,-0.009482707401710085,8.108108108108109e-05
2025-06-06,2025-06-13,PIDILITIND.NS,0.02702702702702703,-0.012656152437127033,-0.015656152437127032,8.108108108108109e-05
2025-06-06,2025-06-13,HAL.NS,0.02702702702702703,0.006900234988867604,0.003900234988867604,8.108108108108109e-05
2025-06-06,2025-06-13,GAIL.NS,0.02702702702702703,0.005221924008899537,0.0022219240088995366,8.108108108108109e-05
2025-06-06,2025-06-13,TVSMOTOR.NS,0.02702702702702703,-0.008716092246765839,-0.011716092246765838,8.108108108108109e-05
2025-06-06,2025-06-13,AMBUJACEM.NS,0.02702702702702703,-0.030299800245784048,-0.03329980024578405,8.108108108108109e-05
2025-06-06,2025-06-13,LUPIN.NS,0.02702702702702703,-0.005174101764675698,-0.008174101764675697,8.108108108108109e-05
2025-06-06,2025-06-13,FEDERALBNK.NS,0.02702702702702703,-0.017656311640605327,-0.020656311640605326,8.108108108108109e-05
2025-06-06,2025-06-13,RBLBANK.NS,0.02702702702702703,0.00018183993760412243,-0.0028181600623958776,8.108108108108109e-05
2025-06-06,2025-06-13,LICHSGFIN.NS,0.02702702702702703,-0.025889903813597015,-0.028889903813597014,8.108108108108109e-05
2025-06-06,2025-06-13,PERSISTENT.NS,0.02702702702702703,0.032489088330007077,0.029489088330007077,8.108108108108109e-05
2025-06-06,2025-06-13,ZENSARTECH.NS,0.02702702702702703,0.036269396148349564,0.03326939614834956,8.108108108108109e-05
2025-06-06,2025-06-13,CHENNPETRO.NS,0.02702702702702703,-0.014581592229319762,-0.01758159222931976,8.108108108108109e-05
2025-06-06,2025-06-13,TATAPOWER.NS,0.02702702702702703,-0.008491489089633708,-0.011491489089633707,8.108108108108109e-05
2025-06-06,2025-06-13,NHPC.NS,0.02702702702702703,-0.04695472737360973,-0.04995472737360973,8.108108108108109e-05
2025-06-06,2025-06-13,TORNTPOWER.NS,0.02702702702702703,-3.469878129269688e-08,-0.0030000346987812928,8.108108108108109e-05
2025-06-06,2025-06-13,CESC.NS,0.02702702702702703,-0.02337966734289665,-0.026379667342896648,8.108108108108109e-05
2025-06-06,2025-06-13,JINDALSTEL.NS,0.02702702702702703,-0.04122098002300656,-0.04422098002300656,8.108108108108109e-05
2025-06-06,2025-06-13,VEDL.NS,0.02702702702702703,0.025414355551197643,0.022414355551197643,8.108108108108109e-05
2025-06-06,2025-06-13,NYKAA.NS,0.02702702702702703,-0.012525361353587727,-0.015525361353587726,8.108108108108109e-05
2025-06-06,2025-06-13,BLUESTARCO.NS,0.02702702702702703,0.03206173034808657,0.02906173034808657,8.108108108108109e-05
2025-06-06,2025-06-13,DIXON.NS,0.02702702702702703,-0.040946302449116234,-0.04394630244911624,8.108108108108109e-05
2025-06-06,2025-06-13,LAURUSLABS.NS,0.02702702702702703,0.035326020402226765,0.03232602040222676,8.108108108108109e-05
2025-06-06,2025-06-13,RADICO.NS,0.02702702702702703,-0.017221964349583896,-0.020221964349583895,8.108108108108109e-05
2025-06-06,2025-06-13,EXIDEIND.NS,0.02702702702702703,-0.025696146731376546,-0.028696146731376545,8.108108108108109e-05
2025-06-13,2025-06-20,BAJFINANCE.NS,0.02702702702702703,-0.059623447034719446,-0.06262344703471945,8.108108108108109e-05
2025-06-13,2025-06-20,KOTAKBANK.NS,0.02702702702702703,0.023815207300384778,0.02081520730038478,8.108108108108109e-05
2025-06-13,2025-06-20,BAJAJFINSV.NS,0.02702702702702703,-0.014314171502818884,-0.017314171502818883,8.108108108108109e-05
2025-06-13,2025-06-20,ADANIPORTS.NS,0.02702702702702703,-0.0345572861721265,-0.0375572861721265,8.108108108108109e-05
2025-06-13,2025-06-20,BPCL.NS,0.02702702702702703,0.0001612262486401228,-0.0028387737513598773,8.108108108108109e-05
2025-06-13,2025-06-20,DIVISLAB.NS,0.02702702702702703,-0.009348632252498157,-0.012348632252498156,8.108108108108109e-05
2025-06-13,2025-06-20,UPL.NS,0.02702702702702703,-0.001503273955618667,-0.004503273955618667,8.108108108108109e-05
2025-06-13,2025-06-20,HAL.NS,0.02702702702702703,-0.014993551979273989,-0.01799355197927399,8.108108108108109e-05
2025-06-13,2025-06-20,BEL.NS,0.02702702702702703,0.037485776461071874,0.03448577646107187,8.108108108108109e-05
2025-06-13,2025-06-20,SRF.NS,0.02702702702702703,-0.03210195918380043,-0.035101959183800435,8.108108108108109e-05
2025-06-13,2025-06-20,MAZDOCK.NS,0.02702702702702703,0.015264757852444077,0.012264757852444078,8.108108108108109e-05
2025-06-13,2025-06-20,COCHINSHIP.NS,0.02702702702702703,0.0035447502799295094,0.0005447502799295094,8.108108108108109e-05
2025-06-13,2025-06-20,AUBANK.NS,0.02702702702702703,0.03799606797271404,0.03499606797271404,8.108108108108109e-05
2025-06-13,2025-06-20,RBLBANK.NS,0.02702702702702703,0.018364530780662358,0.015364530780662359,8.108108108108109e-05
2025-06-13,2025-06-20,ABCAPITAL.NS,0.02702702702702703,0.07207951257838774,0.06907951257838774,8.108108108108109e-05
2025-06-13,2025-06-20,MFSL.NS,0.02702702702702703,0.0328912992608732,0.029891299260873198,8.108108108108109e-05
2025-06-13,2025-06-20,COFORGE.NS,0.02702702702702703,0.012552283920000296,0.009552283920000296,8.108108108108109e-05
2025-06-13,2025-06-20,PERSISTENT.NS,0.02702702702702703,0.02622229239256857,0.02322229239256857,8.108108108108109e-05
2025-06-13,2025-06-20,COROMANDEL.NS,0.02702702702702703,-0.004563210534014983,-0.007563210534014983,8.108108108108109e-05
2025-06-13,2025-06-20,NYKAA.NS,0.02702702702702703,0.006573197798904085,0.0035731977989040846,8.108108108108109e-05
2025-06-13,2025-06-20,PAYTM.NS,0.02702702702702703,-0.02441777907621423,-0.02741777907621423,8.108108108108109e-05
2025-06-13,2025-06-20,AMBER.NS,0.02702702702702703,-0.0015467904098994678,-0.004546790409899468,8.108108108108109e-05
2025-06-13,2025-06-20,BRIGADE.NS,0.02702702702702703,-0.04214245620005286,-0.04514245620005286,8.108108108108109e-05
2025-06-13,2025-06-20,UNIONBANK.NS,0.02702702702702703,-0.032412527733892804,-0.03541252773389281,8.108108108108109e-05
2025-06-13,2025-06-20,POONAWALLA.NS,0.02702702702702703,-0.011955034018569233,-0.014955034018569232,8.108108108108109e-05
2025-06-13,2025-06-20,LTF.NS,0.02702702702702703,0.011047309086259505,0.008047309086259506,8.108108108108109e-05
2025-06-13,2025-06-20,ANGELONE.NS,0.02702702702702703,-0.04106309298803046,-0.04406309298803046,8.108108108108109e-05
2025-06-13,2025-06-20,MCX.NS,0.02702702702702703,0.05615311051911487,0.053153110519114866,8.108108108108109e-05
2025-06-13,2025-06-20,BSE.NS,0.02702702702702703,-0.020183537479802838,-0.023183537479802837,8.108108108108109e-05
2025-06-13,2025-06-20,CDSL.NS,0.02702702702702703,0.0151515125409043,0.0121515125409043,8.108108108108109e-05
2025-06-13,2025-06-20,HUDCO.NS,0.02702702702702703,-0.005304889929523826,-0.008304889929523825,8.108108108108109e-05
2025-06-13,2025-06-20,NBCC.NS,0.02702702702702703,-0.04251255216049121,-0.045512552160491215,8.108108108108109e-05
2025-06-13,2025-06-20,KAYNES.NS,0.02702702702702703,0.06403669724770644,0.06103669724770644,8.108108108108109e-05
2025-06-13,2025-06-20,LAURUSLABS.NS,0.02702702702702703,-0.029621259766273944,-0.03262125976627395,8.108108108108109e-05
2025-06-13,2025-06-20,NAM-INDIA.NS,0.02702702702702703,0.041712406744010666,0.03871240674401066,8.108108108108109e-05
2025-06-13,2025-06-20,HDFCAMC.NS,0.02702702702702703,0.04702128118195903,0.04402128118195903,8.108108108108109e-05
2025-06-13,2025-06-20,RADICO.NS,0.02702702702702703,0.010890094709093967,0.007890094709093968,8.108108108108109e-05
2025-06-20,2025-06-27,HDFCBANK.NS,0.02702702702702703,0.04374295263779304,0.04074295263779304,8.108108108108109e-05
2025-06-20,2025-06-27,AXISBANK.NS,0.02702702702702703,0.01344220887249059,0.010442208872490592,8.108108108108109e-05
2025-06-20,2025-06-27,KOTAKBANK.NS,0.02702702702702703,0.023075842732886542,0.020075842732886543,8.108108108108109e-05
2025-06-20,2025-06-27,HAL.NS,0.02702702702702703,-0.012688236810141307,-0.015688236810141306,8.108108108108109e-05
2025-06-20,2025-06-27,BEL.NS,0.02702702702702703,0.01374702806243877,0.010747028062438772,8.108108108108109e-05
2025-06-20,2025-06-27,PNB.NS,0.02702702702702703,0.04878052406562028,0.045780524065620276,8.108108108108109e-05
2025-06-20,2025-06-27,CANBK.NS,0.02702702702702703,0.05245286121454784,0.04945286121454784,8.108108108108109e-05
2025-06-20,2025-06-27,POLYCAB.NS,0.02702702702702703,0.08695863054332653,0.08395863054332653,8.108108108108109e-05
2025-06-20,2025-06-27,PFC.NS,0.02702702702702703,0.04971547759309436,0.04671547759309436,8.108108108108109e-05
2025-06-20,2025-06-27,MAZDOCK.NS,0.02702702702702703,-0.005829964806396415,-0.008829964806396414,8.108108108108109e-05
2025-06-20,2025-06-27,COCHINSHIP.NS,0.02702702702702703,-0.05298175189841248,-0.05598175189841248,8.108108108108109e-05
2025-06-20,2025-06-27,AUBANK.NS,0.02702702702702703,0.020182948664187128,0.01718294866418713,8.108108108108109e-05
2025-06-20,2025-06-27,IDFCFIRSTB.NS,0.02702702702702703,0.044444337693292146,0.041444337693292144,8.108108108108109e-05
2025-06-20,2025-06-27,RBLBANK.NS,0.02702702702702703,0.07798062883377321,0.07498062883377321,8.108108108108109e-05
2025-06-20,2025-06-27,ABCAPITAL.NS,0.02702702702702703,0.03554873508877798,0.03254873508877798,8.108108108108109e-05
2025-06-20,2025-06-27,MFSL.NS,0.02702702702702703,0.03775959723096278,0.03475959723096278,8.108108108108109e-05
2025-06-20,2025-06-27,PERSISTENT.NS,0.02702702702702703,-0.0067590073620964475,-0.009759007362096447,8.108108108108109e-05
2025-06-20,2025-06-27,PAYTM.NS,0.02702702702702703,0.062427745664739964,0.05942774566473996,8.108108108108109e-05
2025-06-20,2025-06-27,DELHIVERY.NS,0.02702702702702703,0.07743207228666149,0.07443207228666149,8.108108108108109e-05
2025-06-20,2025-06-27,POLICYBZR.NS,0.02702702702702703,-0.02239241324005492,-0.02539241324005492,8.108108108108109e-05
2025-06-20,2025-06-27,TIMKEN.NS,0.02702702702702703,0.03506093221912576,0.03206093221912576,8.108108108108109e-05
2025-06-20,2025-06-27,BLUESTARCO.NS,0.02702702702702703,0.02815048094453343,0.02515048094453343,8.108108108108109e-05
2025-06-20,2025-06-27,HINDZINC.NS,0.02702702702702703,0.03832908106754984,0.03532908106754984,8.108108108108109e-05
2025-06-20,2025-06-27,PHOENIXLTD.NS,0.02702702702702703,-0.01870722382939649,-0.02170722382939649,8.108108108108109e-05
2025-06-20,2025-06-27,PRESTIGE.NS,0.02702702702702703,-0.010600695419342276,-0.013600695419342276,8.108108108108109e-05
2025-06-20,2025-06-27,UNIONBANK.NS,0.02702702702702703,0.05964669149458257,0.05664669149458257,8.108108108108109e-05
2025-06-20,2025-06-27,SOUTHBANK.NS,0.02702702702702703,0.040484431728686765,0.03748443172868676,8.108108108108109e-05
2025-06-20,2025-06-27,POONAWALLA.NS,0.02702702702702703,0.10400876841395656,0.10100876841395656,8.108108108108109e-05
2025-06-20,2025-06-27,LTF.NS,0.02702702702702703,0.08698879817872518,0.08398879817872518,8.108108108108109e-05
2025-06-20,2025-06-27,MANAPPURAM.NS,0.02702702702702703,0.023622958196841903,0.020622958196841904,8.108108108108109e-05
2025-06-20,2025-06-27,ANGELONE.NS,0.02702702702702703,0.04535728714705578,0.04235728714705578,8.108108108108109e-05
2025-06-20,2025-06-27,MCX.NS,0.02702702702702703,0.10254660401848903,0.09954660401848903,8.108108108108109e-05
2025-06-20,2025-06-27,BSE.NS,0.02702702702702703,0.04453180176557847,0.04153180176557847,8.108108108108109e-05
2025-06-20,2025-06-27,CDSL.NS,0.02702702702702703,0.055522466217997835,0.05252246621799783,8.108108108108109e-05
2025-06-20,2025-06-27,NBCC.NS,0.02702702702702703,0.06855520192545494,0.06555520192545494,8.108108108108109e-05
2025-06-20,2025-06-27,KAYNES.NS,0.02702702702702703,0.017589239524055778,0.014589239524055778,8.108108108108109e-05
2025-06-20,2025-06-27,NAM-INDIA.NS,0.02702702702702703,0.042409080666999444,0.03940908066699944,8.108108108108109e-05
2025-06-27,2025-07-04,^NSEI,0.02702702702702703,-0.00823022559578468,-0.011230225595784678,8.108108108108109e-05
2025-06-27,2025-07-04,RELIANCE.NS,0.02702702702702703,0.008455471575009144,0.0054554715750091435,8.108108108108109e-05
2025-06-27,2025-07-04,HDFCBANK.NS,0.02702702702702703,-0.011185707071837636,-0.014185707071837635,8.108108108108109e-05
2025-06-27,2025-07-04,BHARTIARTL.NS,0.02702702702702703,1.1670902022586915e-09,-0.002999998832909798,8.108108108108109e-05
2025-06-27,2025-07-04,BAJFINANCE.NS,0.02702702702702703,-0.032426790258527904,-0.03542679025852791,8.108108108108109e-05
2025-06-27,2025-07-04,MARUTI.NS,0.02702702702702703,-0.0015787880913848973,-0.004578788091384897,8.108108108108109e-05
2025-06-27,2025-07-04,TITAN.NS,0.02702702702702703,0.0025366958640256065,-0.0004633041359743935,8.108108108108109e-05
2025-06-27,2025-07-04,GRASIM.NS,0.02702702702702703,-0.018614889470037643,-0.021614889470037642,8.108108108108109e-05
2025-06-27,2025-07-04,M&M.NS,0.02702702702702703,-0.00545713264053671,-0.00845713264053671,8.108108108108109e-05
2025-06-27,2025-07-04,BRITANNIA.NS,0.02702702702702703,3.827334227324286e-09,-0.0029999961726657727,8.108108108108109e-05
2025-06-27,2025-07-04,BPCL.NS,0.02702702702702703,0.035329312000371926,0.032329312000371924,8.108108108108109e-05
2025-06-27,2025-07-04,DIVISLAB.NS,0.02702702702702703,0.035179625517687496,0.03217962551768749,8.108108108108109e-05
2025-06-27,2025-07-04,UPL.NS,0.02702702702702703,0.05344161410305848,0.050441614103058474,8.108108108108109e-05
2025-06-27,2025-07-04,PIDILITIND.NS,0.02702702702702703,0.009534764857996203,0.006534764857996203,8.108108108108109e-05
2025-06-27,2025-07-04,TVSMOTOR.NS,0.02702702702702703,-0.0243893313847523,-0.0273893313847523,8.108108108108109e-05
2025-06-27,2025-07-04,SRF.NS,0.02702702702702703,0.013250367801484364,0.010250367801484365,8.108108108108109e-05
2025-06-27,2025-07-04,SHREECEM.NS,0.02702702702702703,0.013594446424446183,0.010594446424446183,8.108108108108109e-05
2025-06-27,2025-07-04,AMBUJACEM.NS,0.02702702702702703,0.03643165581936447,0.03343165581936447,8.108108108108109e-05
2025-06-27,2025-07-04,COCHINSHIP.NS,0.02702702702702703,0.00024220273916464308,-0.002757797260835357,8.108108108108109e-05
2025-06-27,2025-07-04,TATACOMM.NS,0.02702702702702703,0.04099764985154675,0.037997649851546744,8.108108108108109e-05
2025-06-27,2025-07-04,AUBANK.NS,0.02702702702702703,0.00830760294408961,0.005307602944089609,8.108108108108109e-05
2025-06-27,2025-07-04,IDFCFIRSTB.NS,0.02702702702702703,0.07073782192854461,0.0677378219285446,8.108108108108109e-05
2025-06-27,2025-07-04,RBLBANK.NS,0.02702702702702703,0.048447208949375486,0.045447208949375484,8.108108108108109e-05
2025-06-27,2025-07-04,ABCAPITAL.NS,0.02702702702702703,0.026305924600629638,0.02330592460062964,8.108108108108109e-05
2025-06-27,2025-07-04,MFSL.NS,0.02702702702702703,-0.03881140084899937,-0.04181140084899937,8.108108108108109e-05
2025-06-27,2025-07-04,ZENSARTECH.NS,0.02702702702702703,0.004299237566443903,0.001299237566443903,8.108108108108109e-05
2025-06-27,2025-07-04,CESC.NS,0.02702702702702703,0.031502872391020675,0.028502872391020676,8.108108108108109e-05
2025-06-27,2025-07-04,MRF.NS,0.02702702702702703,0.0045833002621165075,0.0015833002621165075,8.108108108108109e-05
2025-06-27,2025-07-04,AARTIIND.NS,0.02702702702702703,-0.008540785915049587,-0.011540785915049586,8.108108108108109e-05
2025-06-27,2025-07-04,COROMANDEL.NS,0.02702702702702703,-0.08135203473316854,-0.08435203473316855,8.108108108108109e-05
2025-06-27,2025-07-04,ABFRL.NS,0.02702702702702703,0.05023442630071462,0.047234426300714616,8.108108108108109e-05
2025-06-27,2025-07-04,BLUESTARCO.NS,0.02702702702702703,0.11958041695216148,0.11658041695216148,8.108108108108109e-05
2025-06-27,2025-07-04,ANGELONE.NS,0.02702702702702703,-0.05432191909364836,-0.057321919093648366,8.108108108108109e-05
2025-06-27,2025-07-04,BSE.NS,0.02702702702702703,-0.05511133082500386,-0.05811133082500386,8.108108108108109e-05
2025-06-27,2025-07-04,NBCC.NS,0.02702702702702703,-0.04618636060501191,-0.049186360605011914,8.108108108108109e-05
2025-06-27,2025-07-04,LAURUSLABS.NS,0.02702702702702703,0.09566080167135937,0.09266080167135937,8.108108108108109e-05
2025-06-27,2025-07-04,NAM-INDIA.NS,0.02702702702702703,0.004044579268998261,0.0010445792689982606,8.108108108108109e-05
2025-07-04,2025-07-11,^NSEI,0.02702702702702703,-0.011824907928473127,-0.014824907928473127,8.108108108108109e-05
2025-07-04,2025-07-11,RELIANCE.NS,0.02702702702702703,-0.022533759768661343,-0.025533759768661343,8.108108108108109e-05
2025-07-04,2025-07-11,HDFCBANK.NS,0.02702702702702703,-0.003016559052682166,-0.006016559052682166,8.108108108108109e-05
2025-07-04,2025-07-11,TITAN.NS,0.02702702702702703,-0.07981283641413417,-0.08281283641413417,8.108108108108109e-05
2025-07-04,2025-07-11,ADANIPORTS.NS,0.02702702702702703,0.0053356153551409324,0.0023356153551409324,8.108108108108109e-05
2025-07-04,2025-07-11,BRITANNIA.NS,0.02702702702702703,-0.005689601986326509,-0.008689601986326508,8.108108108108109e-05
2025-07-04,2025-07-11,EICHERMOT.NS,0.02702702702702703,-0.004174054200802857,-0.007174054200802857,8.108108108108109e-05
2025-07-04,2025-07-11,BPCL.NS,0.02702702702702703,0.00014470164195889978,-0.0028552983580411003,8.108108108108109e-05
2025-07-04,2025-07-11,DIVISLAB.NS,0.02702702702702703,-0.038322426021889844,-0.041322426021889846,8.108108108108109e-05
2025-07-04,2025-07-11,HAL.NS,0.02702702702702703,-0.02561074506226979,-0.02861074506226979,8.108108108108109e-05
2025-07-04,2025-07-11,BEL.NS,0.02702702702702703,-0.05135105566289033,-0.054351055662890335,8.108108108108109e-05
2025-07-04,2025-07-11,CANBK.NS,0.02702702702702703,-0.020809684446028598,-0.023809684446028597,8.108108108108109e-05
2025-07-04,2025-07-11,TRENT.NS,0.02702702702702703,-0.024000047253991186,-0.027000047253991185,8.108108108108109e-05
2025-07-04,2025-07-11,TVSMOTOR.NS,0.02702702702702703,-0.04227956892273976,-0.045279568922739766,8.108108108108109e-05
2025-07-04,2025-07-11,SRF.NS,0.02702702702702703,-0.014874407856924732,-0.01787440785692473,8.108108108108109e-05
2025-07-04,2025-07-11,MAZDOCK.NS,0.02702702702702703,-0.05180712698287837,-0.054807126982878374,8.108108108108109e-05
2025-07-04,2025-07-11,COCHINSHIP.NS,0.02702702702702703,-0.04358351591973908,-0.04658351591973908,8.108108108108109e-05
2025-07-04,2025-07-11,AUBANK.NS,0.02702702702702703,-0.017387551801279266,-0.020387551801279265,8.108108108108109e-05
2025-07-04,2025-07-11,RBLBANK.NS,0.02702702702702703,0.04660349780071171,0.04360349780071171,8.108108108108109e-05
2025-07-04,2025-07-11,ABCAPITAL.NS,0.02702702702702703,-0.02563166008309481,-0.02863166008309481,8.108108108108109e-05
2025-07-04,2025-07-11,MFSL.NS,0.02702702702702703,-0.01577287066246058,-0.01877287066246058,8.108108108108109e-05
2025-07-04,2025-07-11,COFORGE.NS,0.02702702702702703,-0.044909272026725566,-0.04790927202672557,8.108108108108109e-05
2025-07-04,2025-07-11,ZENSARTECH.NS,0.02702702702702703,-0.02681911965273065,-0.02981911965273065,8.108108108108109e-05
2025-07-04,2025-07-11,HINDPETRO.NS,0.02702702702702703,-0.027008998084121938,-0.030008998084121937,8.108108108108109e-05
2025-07-04,2025-07-11,IOC.NS,0.02702702702702703,-0.00901201411580066,-0.012012014115800659,8.108108108108109e-05
2025-07-04,2025-07-11,MRF.NS,0.02702702702702703,0.02474769578446545,0.021747695784465452,8.108108108108109e-05
2025-07-04,2025-07-11,COROMANDEL.NS,0.02702702702702703,0.03933842891239059,0.036338428912390586,8.108108108108109e-05
2025-07-04,2025-07-11,UNIONBANK.NS,0.02702702702702703,-0.05710339158540911,-0.060103391585409116,8.108108108108109e-05
2025-07-04,2025-07-11,SOUTHBANK.NS,0.02702702702702703,-0.01925584608506903,-0.022255846085069027,8.108108108108109e-05
2025-07-04,2025-07-11,MANAPPURAM.NS,0.02702702702702703,-0.04590836370962337,-0.04890836370962337,8.108108108108109e-05
2025-07-04,2025-07-11,MCX.NS,0.02702702702702703,-0.09147162754583038,-0.09447162754583038,8.108108108108109e-05
2025-07-04,2025-07-11,BSE.NS,0.02702702702702703,-0.07976621348104351,-0.08276621348104352,8.108108108108109e-05
2025-07-04,2025-07-11,CDSL.NS,0.02702702702702703,-0.03848339870094919,-0.04148339870094919,8.108108108108109e-05
2025-07-04,2025-07-11,NBCC.NS,0.02702702702702703,-0.037510673373928216,-0.04051067337392822,8.108108108108109e-05
2025-07-04,2025-07-11,LAURUSLABS.NS,0.02702702702702703,0.013501347920598983,0.010501347920598984,8.108108108108109e-05
2025-07-04,2025-07-11,NAM-INDIA.NS,0.02702702702702703,0.01781174478632397,0.01481174478632397,8.108108108108109e-05
2025-07-04,2025-07-11,RADICO.NS,0.02702702702702703,0.04385501424206795,0.040855014242067944,8.108108108108109e-05
2025-07-11,2025-07-18,HDFCBANK.NS,0.02702702702702703,-0.0024206248173482825,-0.0054206248173482826,8.108108108108109e-05
2025-07-11,2025-07-18,DIVISLAB.NS,0.02702702702702703,0.013834599507415168,0.01083459950741517,8.108108108108109e-05
2025-07-11,2025-07-18,BANDHANBNK.NS,0.02702702702702703,0.03371426158512758,0.03071426158512758,8.108108108108109e-05
2025-07-11,2025-07-18,HAL.NS,0.02702702702702703,-0.04405989063222726,-0.047059890632227264,8.108108108108109e-05
2025-07-11,2025-07-18,BEL.NS,0.02702702702702703,-0.026880410880767536,-0.029880410880767535,8.108108108108109e-05
2025-07-11,2025-07-18,CANBK.NS,0.02702702702702703,0.023930744554039318,0.02093074455403932,8.108108108108109e-05
2025-07-11,2025-07-18,SRF.NS,0.02702702702702703,0.0018873100122831499,-0.0011126899877168502,8.108108108108109e-05
2025-07-11,2025-07-18,MAZDOCK.NS,0.02702702702702703,-0.05336730452728322,-0.056367304527283224,8.108108108108109e-05
2025-07-11,2025-07-18,COCHINSHIP.NS,0.02702702702702703,-0.055696247869288396,-0.0586962478692884,8.108108108108109e-05
2025-07-11,2025-07-18,AUBANK.NS,0.02702702702702703,-0.04383460886982682,-0.04683460886982682,8.108108108108109e-05
2025-07-11,2025-07-18,IDFCFIRSTB.NS,0.02702702702702703,-0.029255229370146685,-0.03225522937014669,8.108108108108109e-05
2025-07-11,2025-07-18,RBLBANK.NS,0.02702702702702703,-0.022641493112757538,-0.025641493112757537,8.108108108108109e-05
2025-07-11,2025-07-18,ABCAPITAL.NS,0.02702702702702703,-0.015298530236998564,-0.018298530236998563,8.108108108108109e-05
2025-07-11,2025-07-18,MFSL.NS,0.02702702702702703,-0.017948717948717996,-0.020948717948717995,8.108108108108109e-05
2025-07-11,2025-07-18,COFORGE.NS,0.02702702702702703,-0.0016639441879350292,-0.004663944187935029,8.108108108108109e-05
2025-07-11,2025-07-18,CESC.NS,0.02702702702702703,0.021966696865017177,0.018966696865017178,8.108108108108109e-05
2025-07-11,2025-07-18,PAYTM.NS,0.02702702702702703,0.06214207379208636,0.05914207379208636,8.108108108108109e-05
2025-07-11,2025-07-18,DELHIVERY.NS,0.02702702702702703,0.037682956602515194,0.03468295660251519,8.108108108108109e-05
2025-07-11,2025-07-18,POLICYBZR.NS,0.02702702702702703,-0.015583993550312925,-0.018583993550312924,8.108108108108109e-05
2025-07-11,2025-07-18,AMBER.NS,0.02702702702702703,0.017026411047057266,0.014026411047057267,8.108108108108109e-05
2025-07-11,2025-07-18,UNIONBANK.NS,0.02702702702702703,0.011681129747039387,0.008681129747039388,8.108108108108109e-05
2025-07-11,2025-07-18,MAHABANK.NS,0.02702702702702703,0.01643729045561848,0.013437290455618481,8.108108108108109e-05
2025-07-11,2025-07-18,J&KBANK.NS,0.02702702702702703,0.044055675132646854,0.04105567513264685,8.108108108108109e-05
2025-07-11,2025-07-18,KARURVYSYA.NS,0.02702702702702703,0.01716416103255347,0.014164161032553472,8.108108108108109e-05
2025-07-11,2025-07-18,SOUTHBANK.NS,0.02702702702702703,-0.004991663329396934,-0.007991663329396933,8.108108108108109e-05
2025-07-11,2025-07-18,POONAWALLA.NS,0.02702702702702703,0.0005515719801434393,-0.0024484280198565607,8.108108108108109e-05
2025-07-11,2025-07-18,LTF.NS,0.02702702702702703,-0.015121981016847252,-0.01812198101684725,8.108108108108109e-05
2025-07-11,2025-07-18,MANAPPURAM.NS,0.02702702702702703,0.03119072382237209,0.02819072382237209,8.108108108108109e-05
2025-07-11,2025-07-18,ANGELONE.NS,0.02702702702702703,-0.01636687729968389,-0.01936687729968389,8.108108108108109e-05
2025-07-11,2025-07-18,MCX.NS,0.02702702702702703,0.02030962182448759,0.01730962182448759,8.108108108108109e-05
2025-07-11,2025-07-18,BSE.NS,0.02702702702702703,0.010309300538162258,0.007309300538162258,8.108108108108109e-05
2025-07-11,2025-07-18,CDSL.NS,0.02702702702702703,0.000590316410238545,-0.002409683589761455,8.108108108108109e-05
2025-07-11,2025-07-18,NBCC.NS,0.02702702702702703,0.0013285970008085624,-0.0016714029991914377,8.108108108108109e-05
2025-07-11,2025-07-18,LAURUSLABS.NS,0.02702702702702703,0.049479812898418185,0.04647981289841818,8.108108108108109e-05
2025-07-11,2025-07-18,NAM-INDIA.NS,0.02702702702702703,0.05243750840427497,0.049437508404274966,8.108108108108109e-05
2025-07-11,2025-07-18,HDFCAMC.NS,0.02702702702702703,0.09350554388918098,0.09050554388918097,8.108108108108109e-05
2025-07-11,2025-07-18,RADICO.NS,0.02702702702702703,-0.005448080967742297,-0.008448080967742296,8.108108108108109e-05
2025-07-18,2025-07-25,RELIANCE.NS,0.02702702702702703,-0.04962460244676681,-0.05262460244676681,8.108108108108109e-05
2025-07-18,2025-07-25,BHARTIARTL.NS,0.02702702702702703,0.018577176833196818,0.015577176833196819,8.108108108108109e-05
2025-07-18,2025-07-25,AXISBANK.NS,0.02702702702702703,-0.004696126348658902,-0.007696126348658902,8.108108108108109e-05
2025-07-18,2025-07-25,BRITANNIA.NS,0.02702702702702703,-0.024150010276123512,-0.02715001027612351,8.108108108108109e-05
2025-07-18,2025-07-25,BPCL.NS,0.02702702702702703,-0.032460017262697205,-0.03546001726269721,8.108108108108109e-05
2025-07-18,2025-07-25,DIVISLAB.NS,0.02702702702702703,-0.014146092111780528,-0.017146092111780527,8.108108108108109e-05
2025-07-18,2025-07-25,HAL.NS,0.02702702702702703,-0.021884560304467837,-0.024884560304467836,8.108108108108109e-05
2025-07-18,2025-07-25,BEL.NS,0.02702702702702703,0.0015205726431299915,-0.0014794273568700085,8.108108108108109e-05
2025-07-18,2025-07-25,GODREJCP.NS,0.02702702702702703,-0.02900998352754558,-0.03200998352754558,8.108108108108109e-05
2025-07-18,2025-07-25,CHOLAFIN.NS,0.02702702702702703,-0.04204007775181573,-0.04504007775181573,8.108108108108109e-05
2025-07-18,2025-07-25,TVSMOTOR.NS,0.02702702702702703,-0.026662854920472268,-0.029662854920472267,8.108108108108109e-05
2025-07-18,2025-07-25,SRF.NS,0.02702702702702703,-0.04866564028794251,-0.051665640287942516,8.108108108108109e-05
2025-07-18,2025-07-25,MAZDOCK.NS,0.02702702702702703,-0.03154370069872714,-0.03454370069872714,8.108108108108109e-05
2025-07-18,2025-07-25,COCHINSHIP.NS,0.02702702702702703,-0.03485246031326483,-0.037852460313264835,8.108108108108109e-05
2025-07-18,2025-07-25,RBLBANK.NS,0.02702702702702703,-0.019807009095073713,-0.022807009095073712,8.108108108108109e-05
2025-07-18,2025-07-25,ABCAPITAL.NS,0.02702702702702703,-0.01856761655859085,-0.02156761655859085,8.108108108108109e-05
2025-07-18,2025-07-25,MFSL.NS,0.02702702702702703,-0.001958224543080922,-0.004958224543080922,8.108108108108109e-05
2025-07-18,2025-07-25,LICHSGFIN.NS,0.02702702702702703,-0.03333330500569076,-0.036333305005690764,8.108108108108109e-05
2025-07-18,2025-07-25,HINDPETRO.NS,0.02702702702702703,-0.02424946440484843,-0.02724946440484843,8.108108108108109e-05
2025-07-18,2025-07-25,CESC.NS,0.02702702702702703,-0.03274558823606799,-0.03574558823606799,8.108108108108109e-05
2025-07-18,2025-07-25,ASHOKLEY.NS,0.02702702702702703,-0.007325988982720744,-0.010325988982720743,8.108108108108109e-05
2025-07-18,2025-07-25,MRF.NS,0.02702702702702703,0.007412247476273226,0.004412247476273226,8.108108108108109e-05
2025-07-18,2025-07-25,COROMANDEL.NS,0.02702702702702703,0.05627691768589349,0.05327691768589349,8.108108108108109e-05
2025-07-18,2025-07-25,NYKAA.NS,0.02702702702702703,-0.008738140585446863,-0.011738140585446862,8.108108108108109e-05
2025-07-18,2025-07-25,DELHIVERY.NS,0.02702702702702703,-0.00023505958548886152,-0.0032350595854888616,8.108108108108109e-05
2025-07-18,2025-07-25,POLICYBZR.NS,0.02702702702702703,0.01259643149361378,0.00959643149361378,8.108108108108109e-05
2025-07-18,2025-07-25,AMBER.NS,0.02702702702702703,-0.0411943052992354,-0.044194305299235404,8.108108108108109e-05
2025-07-18,2025-07-25,SOUTHBANK.NS,0.02702702702702703,-0.006354540382309204,-0.009354540382309203,8.108108108108109e-05
2025-07-18,2025-07-25,POONAWALLA.NS,0.02702702702702703,-0.07023154598349646,-0.07323154598349646,8.108108108108109e-05
2025-07-18,2025-07-25,MANAPPURAM.NS,0.02702702702702703,-0.025820546509785935,-0.028820546509785935,8.108108108108109e-05
2025-07-18,2025-07-25,ANGELONE.NS,0.02702702702702703,0.011043013369706811,0.008043013369706812,8.108108108108109e-05
2025-07-18,2025-07-25,MCX.NS,0.02702702702702703,-0.026580880663677142,-0.02958088066367714,8.108108108108109e-05
2025-07-18,2025-07-25,BSE.NS,0.02702702702702703,0.004081586657786795,0.0010815866577867954,8.108108108108109e-05
2025-07-18,2025-07-25,CDSL.NS,0.02702702702702703,-0.08554573469119653,-0.08854573469119653,8.108108108108109e-05
2025-07-18,2025-07-25,NBCC.NS,0.02702702702702703,-0.0384786174881524,-0.0414786174881524,8.108108108108109e-05
2025-07-18,2025-07-25,NAM-INDIA.NS,0.02702702702702703,-0.04982492418494611,-0.05282492418494611,8.108108108108109e-05
2025-07-18,2025-07-25,RADICO.NS,0.02702702702702703,-0.001900219537163128,-0.004900219537163128,8.108108108108109e-05
2025-07-25,2025-08-01,^NSEI,0.02702702702702703,-0.007521388860911027,-0.010521388860911026,8.108108108108109e-05
2025-07-25,2025-08-01,RELIANCE.NS,0.02702702702702703,0.002011039661279135,-0.0009889603387208653,8.108108108108109e-05
2025-07-25,2025-08-01,TATASTEEL.NS,0.02702702702702703,-0.04794398946531342,-0.05094398946531342,8.108108108108109e-05
2025-07-25,2025-08-01,NESTLEIND.NS,0.02702702702702703,0.004967763783707335,0.001967763783707335,8.108108108108109e-05
2025-07-25,2025-08-01,BPCL.NS,0.02702702702702703,-0.02220310942974646,-0.02520310942974646,8.108108108108109e-05
2025-07-25,2025-08-01,DIVISLAB.NS,0.02702702702702703,-0.036953058074075784,-0.03995305807407579,8.108108108108109e-05
2025-07-25,2025-08-01,DRREDDY.NS,0.02702702702702703,-0.0428906731600428,-0.045890673160042805,8.108108108108109e-05
2025-07-25,2025-08-01,CANBK.NS,0.02702702702702703,-0.04245706299533836,-0.04545706299533836,8.108108108108109e-05
2025-07-25,2025-08-01,SRF.NS,0.02702702702702703,-0.02013679159258852,-0.02313679159258852,8.108108108108109e-05
2025-07-25,2025-08-01,SHREECEM.NS,0.02702702702702703,-0.011422106280167932,-0.014422106280167931,8.108108108108109e-05
2025-07-25,2025-08-01,COCHINSHIP.NS,0.02702702702702703,-0.045888889074323314,-0.048888889074323316,8.108108108108109e-05
2025-07-25,2025-08-01,AUBANK.NS,0.02702702702702703,0.0172272294885103,0.0142272294885103,8.108108108108109e-05
2025-07-25,2025-08-01,IDFCFIRSTB.NS,0.02702702702702703,-0.03305186698388929,-0.03605186698388929,8.108108108108109e-05
2025-07-25,2025-08-01,RBLBANK.NS,0.02702702702702703,0.028085282699353398,0.0250852826993534,8.108108108108109e-05
2025-07-25,2025-08-01,ABCAPITAL.NS,0.02702702702702703,-0.02895752895752901,-0.03195752895752901,8.108108108108109e-05
2025-07-25,2025-08-01,COFORGE.NS,0.02702702702702703,0.011906216229358169,0.00890621622935817,8.108108108108109e-05
2025-07-25,2025-08-01,ZENSARTECH.NS,0.02702702702702703,0.008177848417725064,0.005177848417725064,8.108108108108109e-05
2025-07-25,2025-08-01,HINDPETRO.NS,0.02702702702702703,-0.031952636990035366,-0.03495263699003537,8.108108108108109e-05
2025-07-25,2025-08-01,CHENNPETRO.NS,0.02702702702702703,-0.03534010545156485,-0.038340105451564854,8.108108108108109e-05
2025-07-25,2025-08-01,SAIL.NS,0.02702702702702703,-0.061741819775054996,-0.064741819775055,8.108108108108109e-05
2025-07-25,2025-08-01,ASHOKLEY.NS,0.02702702702702703,-0.013120118517494728,-0.016120118517494727,8.108108108108109e-05
2025-07-25,2025-08-01,MRF.NS,0.02702702702702703,-0.024080207037863732,-0.02708020703786373,8.108108108108109e-05
2025-07-25,2025-08-01,NYKAA.NS,0.02702702702702703,-0.009478672985781977,-0.012478672985781977,8.108108108108109e-05
2025-07-25,2025-08-01,PAYTM.NS,0.02702702702702703,0.011235955056179803,0.008235955056179804,8.108108108108109e-05
2025-07-25,2025-08-01,DELHIVERY.NS,0.02702702702702703,0.03444220920716079,0.03144220920716079,8.108108108108109e-05
2025-07-25,2025-08-01,INDIAMART.NS,0.02702702702702703,0.015036136888721074,0.012036136888721075,8.108108108108109e-05
2025-07-25,2025-08-01,AMBER.NS,0.02702702702702703,0.08799065099333192,0.08499065099333192,8.108108108108109e-05
2025-07-25,2025-08-01,GLENMARK.NS,0.02702702702702703,-0.03688852800474751,-0.039888528004747514,8.108108108108109e-05
2025-07-25,2025-08-01,PRESTIGE.NS,0.02702702702702703,-0.027954577371349987,-0.030954577371349986,8.108108108108109e-05
2025-07-25,2025-08-01,UNIONBANK.NS,0.02702702702702703,-0.054264746095889826,-0.05726474609588983,8.108108108108109e-05
2025-07-25,2025-08-01,KARURVYSYA.NS,0.02702702702702703,0.0011464845417497038,-0.0018535154582502962,8.108108108108109e-05
2025-07-25,2025-08-01,POONAWALLA.NS,0.02702702702702703,-0.007114905830489571,-0.01011490583048957,8.108108108108109e-05
2025-07-25,2025-08-01,MCX.NS,0.02702702702702703,-0.026246878707886667,-0.029246878707886666,8.108108108108109e-05
2025-07-25,2025-08-01,CDSL.NS,0.02702702702702703,-0.04516134261520144,-0.04816134261520144,8.108108108108109e-05
2025-07-25,2025-08-01,LAURUSLABS.NS,0.02702702702702703,0.01962784957463093,0.01662784957463093,8.108108108108109e-05
2025-07-25,2025-08-01,NATCOPHARM.NS,0.02702702702702703,-0.045360805526948655,-0.04836080552694866,8.108108108108109e-05
2025-07-25,2025-08-01,RADICO.NS,0.02702702702702703,0.056844558893944575,0.05384455889394457,8.108108108108109e-05
2025-08-01,2025-08-08,TATASTEEL.NS,0.02702702702702703,0.028990290073643843,0.025990290073643844,8.108108108108109e-05
2025-08-01,2025-08-08,ADANIENT.NS,0.02702702702702703,-0.06949150761194811,-0.07249150761194811,8.108108108108109e-05
2025-08-01,2025-08-08,ADANIPORTS.NS,0.02702702702702703,-0.01837310952415172,-0.02137310952415172,8.108108108108109e-05
2025-08-01,2025-08-08,BPCL.NS,0.02702702702702703,0.00655940388615095,0.0035594038861509495,8.108108108108109e-05
2025-08-01,2025-08-08,DIVISLAB.NS,0.02702702702702703,-0.07548652652767296,-0.07848652652767296,8.108108108108109e-05
2025-08-01,2025-08-08,UPL.NS,0.02702702702702703,0.022939855628955508,0.01993985562895551,8.108108108108109e-05
2025-08-01,2025-08-08,BANDHANBNK.NS,0.02702702702702703,0.007192430036740527,0.004192430036740527,8.108108108108109e-05
2025-08-01,2025-08-08,BEL.NS,0.02702702702702703,0.013192542176119426,0.010192542176119427,8.108108108108109e-05
2025-08-01,2025-08-08,CANBK.NS,0.02702702702702703,0.01698118079610711,0.01398118079610711,8.108108108108109e-05
2025-08-01,2025-08-08,BHEL.NS,0.02702702702702703,-0.039207278818884195,-0.0422072788188842,8.108108108108109e-05
2025-08-01,2025-08-08,MAZDOCK.NS,0.02702702702702703,-0.023407353135544984,-0.026407353135544983,8.108108108108109e-05
2025-08-01,2025-08-08,COCHINSHIP.NS,0.02702702702702703,-0.03976952683721868,-0.042769526837218685,8.108108108108109e-05
2025-08-01,2025-08-08,TATACOMM.NS,0.02702702702702703,-0.009603850042528506,-0.012603850042528505,8.108108108108109e-05
2025-08-01,2025-08-08,IDFCFIRSTB.NS,0.02702702702702703,0.022639744905184278,0.01963974490518428,8.108108108108109e-05
2025-08-01,2025-08-08,RBLBANK.NS,0.02702702702702703,0.0036398002497664006,0.0006398002497664005,8.108108108108109e-05
2025-08-01,2025-08-08,ABCAPITAL.NS,0.02702702702702703,0.08111329581107118,0.07811329581107118,8.108108108108109e-05
2025-08-01,2025-08-08,MFSL.NS,0.02702702702702703,0.0680614039472287,0.0650614039472287,8.108108108108109e-05
2025-08-01,2025-08-08,HINDPETRO.NS,0.02702702702702703,0.012347138073125707,0.009347138073125708,8.108108108108109e-05
2025-08-01,2025-08-08,CHENNPETRO.NS,0.02702702702702703,-0.0179877726829909,-0.020987772682990898,8.108108108108109e-05
2025-08-01,2025-08-08,SAIL.NS,0.02702702702702703,0.003397916081992136,0.00039791608199213607,8.108108108108109e-05
2025-08-01,2025-08-08,MRF.NS,0.02702702702702703,-0.020904749831099134,-0.023904749831099133,8.108108108108109e-05
2025-08-01,2025-08-08,PAYTM.NS,0.02702702702702703,-0.015740740740740722,-0.01874074074074072,8.108108108108109e-05
2025-08-01,2025-08-08,DELHIVERY.NS,0.02702702702702703,0.056022713401100876,0.053022713401100874,8.108108108108109e-05
2025-08-01,2025-08-08,TIMKEN.NS,0.02702702702702703,-0.0695313971968351,-0.0725313971968351,8.108108108108109e-05
2025-08-01,2025-08-08,GLENMARK.NS,0.02702702702702703,-0.024035245710526065,-0.027035245710526064,8.108108108108109e-05
2025-08-01,2025-08-08,OBEROIRLTY.NS,0.02702702702702703,-0.01804283921929528,-0.02104283921929528,8.108108108108109e-05
2025-08-01,2025-08-08,GODREJPROP.NS,0.02702702702702703,-0.030795680207117315,-0.03379568020711732,8.108108108108109e-05
2025-08-01,2025-08-08,BRIGADE.NS,0.02702702702702703,-0.02319905594847027,-0.02619905594847027,8.108108108108109e-05
2025-08-01,2025-08-08,PRESTIGE.NS,0.02702702702702703,0.0004365856215211572,-0.002563414378478843,8.108108108108109e-05
2025-08-01,2025-08-08,UNIONBANK.NS,0.02702702702702703,0.018504097247138418,0.015504097247138419,8.108108108108109e-05
2025-08-01,2025-08-08,MAHABANK.NS,0.02702702702702703,0.02800804628132303,0.02500804628132303,8.108108108108109e-05
2025-08-01,2025-08-08,J&KBANK.NS,0.02702702702702703,0.001862741291007719,-0.001137258708992281,8.108108108108109e-05
2025-08-01,2025-08-08,LTF.NS,0.02702702702702703,-0.023499980999091452,-0.02649998099909145,8.108108108108109e-05
2025-08-01,2025-08-08,MANAPPURAM.NS,0.02702702702702703,0.040650191153779325,0.03765019115377932,8.108108108108109e-05
2025-08-01,2025-08-08,MCX.NS,0.02702702702702703,-0.007170793841284606,-0.010170793841284605,8.108108108108109e-05
2025-08-01,2025-08-08,CDSL.NS,0.02702702702702703,0.0708224384006535,0.0678224384006535,8.108108108108109e-05
2025-08-01,2025-08-08,LAURUSLABS.NS,0.02702702702702703,-0.03691060469576768,-0.03991060469576768,8.108108108108109e-05
2025-08-08,2025-08-18,^NSEI,0.02702702702702703,0.021330226263258423,0.018330226263258424,8.108108108108109e-05
2025-08-08,2025-08-18,ADANIENT.NS,0.02702702702702703,0.06552821193172176,0.06252821193172176,8.108108108108109e-05
2025-08-08,2025-08-18,DIVISLAB.NS,0.02702702702702703,0.046511622632085636,0.043511622632085634,8.108108108108109e-05
2025-08-08,2025-08-18,TVSMOTOR.NS,0.02702702702702703,0.07872696861342532,0.07572696861342532,8.108108108108109e-05
2025-08-08,2025-08-18,SRF.NS,0.02702702702702703,0.03169013210438565,0.02869013210438565,8.108108108108109e-05
2025-08-08,2025-08-18,BHEL.NS,0.02702702702702703,-0.023094135187682774,-0.026094135187682773,8.108108108108109e-05
2025-08-08,2025-08-18,MAZDOCK.NS,0.02702702702702703,0.040162254923669094,0.03716225492366909,8.108108108108109e-05
2025-08-08,2025-08-18,COCHINSHIP.NS,0.02702702702702703,0.04420598669465692,0.041205986694656915,8.108108108108109e-05
2025-08-08,2025-08-18,RBLBANK.NS,0.02702702702702703,-0.007253400682291189,-0.010253400682291188,8.108108108108109e-05
2025-08-08,2025-08-18,ABCAPITAL.NS,0.02702702702702703,0.04726004557546171,0.044260045575461704,8.108108108108109e-05
2025-08-08,2025-08-18,MFSL.NS,0.02702702702702703,0.05676544818681539,0.05376544818681539,8.108108108108109e-05
2025-08-08,2025-08-18,COFORGE.NS,0.02702702702702703,0.03615885984405365,0.033158859844053645,8.108108108108109e-05
2025-08-08,2025-08-18,CHENNPETRO.NS,0.02702702702702703,-0.02375033064343357,-0.02675033064343357,8.108108108108109e-05
2025-08-08,2025-08-18,SAIL.NS,0.02702702702702703,0.012306937132586793,0.009306937132586793,8.108108108108109e-05
2025-08-08,2025-08-18,ASHOKLEY.NS,0.02702702702702703,0.13684203397419914,0.13384203397419914,8.108108108108109e-05
2025-08-08,2025-08-18,AARTIIND.NS,0.02702702702702703,0.030733053823130962,0.027733053823130963,8.108108108108109e-05
2025-08-08,2025-08-18,PIIND.NS,0.02702702702702703,-0.026890325789208802,-0.0298903257892088,8.108108108108109e-05
2025-08-08,2025-08-18,COROMANDEL.NS,0.02702702702702703,-0.004628089542427105,-0.007628089542427105,8.108108108108109e-05
2025-08-08,2025-08-18,NYKAA.NS,0.02702702702702703,0.08184018031868501,0.078840180318685,8.108108108108109e-05
2025-08-08,2025-08-18,PAYTM.NS,0.02702702702702703,0.10884285152575268,0.10584285152575268,8.108108108108109e-05
2025-08-08,2025-08-18,DELHIVERY.NS,0.02702702702702703,0.0011837260685929607,-0.0018162739314070394,8.108108108108109e-05
2025-08-08,2025-08-18,INDIAMART.NS,0.02702702702702703,0.01274738459484781,0.009747384594847811,8.108108108108109e-05
2025-08-08,2025-08-18,CARBORUNIV.NS,0.02702702702702703,0.04950385084167408,0.04650385084167408,8.108108108108109e-05
2025-08-08,2025-08-18,SKFINDIA.NS,0.02702702702702703,0.0015802605546737514,-0.0014197394453262487,8.108108108108109e-05
2025-08-08,2025-08-18,TIMKEN.NS,0.02702702702702703,-0.005263016121513031,-0.00826301612151303,8.108108108108109e-05
2025-08-08,2025-08-18,AMBER.NS,0.02702702702702703,0.02068776544732165,0.01768776544732165,8.108108108108109e-05
2025-08-08,2025-08-18,GLENMARK.NS,0.02702702702702703,-0.021356790101599188,-0.024356790101599187,8.108108108108109e-05
2025-08-08,2025-08-18,POONAWALLA.NS,0.02702702702702703,0.07989871789628689,0.07689871789628688,8.108108108108109e-05
2025-08-08,2025-08-18,LTF.NS,0.02702702702702703,0.07977470431467348,0.07677470431467348,8.108108108108109e-05
2025-08-08,2025-08-18,MANAPPURAM.NS,0.02702702702702703,0.047946255313188635,0.04494625531318863,8.108108108108109e-05
2025-08-08,2025-08-18,MCX.NS,0.02702702702702703,0.0758673620203838,0.0728673620203838,8.108108108108109e-05
2025-08-08,2025-08-18,BSE.NS,0.02702702702702703,0.043750063791771376,0.040750063791771374,8.108108108108109e-05
2025-08-08,2025-08-18,NBCC.NS,0.02702702702702703,0.004813822487710562,0.0018138224877105617,8.108108108108109e-05
2025-08-08,2025-08-18,KAYNES.NS,0.02702702702702703,0.0787597698187752,0.07575976981877519,8.108108108108109e-05
2025-08-08,2025-08-18,LAURUSLABS.NS,0.02702702702702703,0.06350857499082063,0.06050857499082063,8.108108108108109e-05
2025-08-08,2025-08-18,NAM-INDIA.NS,0.02702702702702703,0.039999949871781126,0.036999949871781124,8.108108108108109e-05
2025-08-08,2025-08-18,HDFCAMC.NS,0.02702702702702703,0.027206617203900718,0.02420661720390072,8.108108108108109e-05
2025-08-18,2025-08-25,HDFCBANK.NS,0.02702702702702703,-0.01966671490771177,-0.022666714907711768,8.108108108108109e-05
2025-08-18,2025-08-25,MARUTI.NS,0.02702702702702703,0.027149989705837374,0.024149989705837375,8.108108108108109e-05
2025-08-18,2025-08-25,M&M.NS,0.02702702702702703,-0.0014706292285459055,-0.0044706292285459056,8.108108108108109e-05
2025-08-18,2025-08-25,EICHERMOT.NS,0.02702702702702703,0.010476440187106473,0.007476440187106473,8.108108108108109e-05
2025-08-18,2025-08-25,APOLLOHOSP.NS,0.02702702702702703,-0.0003831050554274906,-0.0033831050554274907,8.108108108108109e-05
2025-08-18,2025-08-25,HEROMOTOCO.NS,0.02702702702702703,0.016011320787388206,0.013011320787388207,8.108108108108109e-05
2025-08-18,2025-08-25,BAJAJ-AUTO.NS,0.02702702702702703,0.014055064925594829,0.01105506492559483,8.108108108108109e-05
2025-08-18,2025-08-25,CANBK.NS,0.02702702702702703,-0.0062100513859452144,-0.009210051385945214,8.108108108108109e-05
2025-08-18,2025-08-25,TVSMOTOR.NS,0.02702702702702703,0.016801275877137645,0.013801275877137646,8.108108108108109e-05
2025-08-18,2025-08-25,AUBANK.NS,0.02702702702702703,-0.01315786399279495,-0.01615786399279495,8.108108108108109e-05
2025-08-18,2025-08-25,RBLBANK.NS,0.02702702702702703,-0.009421110344455474,-0.012421110344455474,8.108108108108109e-05
2025-08-18,2025-08-25,ABCAPITAL.NS,0.02702702702702703,-0.0029850960615123157,-0.005985096061512316,8.108108108108109e-05
2025-08-18,2025-08-25,MFSL.NS,0.02702702702702703,0.0029876376361215318,-1.2362363878468292e-05,8.108108108108109e-05
2025-08-18,2025-08-25,ASHOKLEY.NS,0.02702702702702703,-0.00948701599284707,-0.012487015992847069,8.108108108108109e-05
2025-08-18,2025-08-25,ESCORTS.NS,0.02702702702702703,-0.01981341181524443,-0.02281341181524443,8.108108108108109e-05
2025-08-18,2025-08-25,MRF.NS,0.02702702702702703,0.013840736778123475,0.010840736778123475,8.108108108108109e-05
2025-08-18,2025-08-25,APOLLOTYRE.NS,0.02702702702702703,0.008225131670573926,0.005225131670573926,8.108108108108109e-05
2025-08-18,2025-08-25,PIIND.NS,0.02702702702702703,0.033732871215072624,0.030732871215072625,8.108108108108109e-05
2025-08-18,2025-08-25,NYKAA.NS,0.02702702702702703,0.04736051909263228,0.04436051909263228,8.108108108108109e-05
2025-08-18,2025-08-25,PAYTM.NS,0.02702702702702703,0.08263343382446608,0.07963343382446608,8.108108108108109e-05
2025-08-18,2025-08-25,DELHIVERY.NS,0.02702702702702703,0.021066181289366437,0.018066181289366438,8.108108108108109e-05
2025-08-18,2025-08-25,INDIAMART.NS,0.02702702702702703,0.015482634958042363,0.012482634958042364,8.108108108108109e-05
2025-08-18,2025-08-25,POLICYBZR.NS,0.02702702702702703,0.014407684098185713,0.011407684098185714,8.108108108108109e-05
2025-08-18,2025-08-25,AMBER.NS,0.02702702702702703,-0.013154362416107346,-0.016154362416107345,8.108108108108109e-05
2025-08-18,2025-08-25,GLENMARK.NS,0.02702702702702703,-0.009367087381874528,-0.012367087381874527,8.108108108108109e-05
2025-08-18,2025-08-25,KARURVYSYA.NS,0.02702702702702703,0.04463373108133051,0.041633731081330505,8.108108108108109e-05
2025-08-18,2025-08-25,POONAWALLA.NS,0.02702702702702703,-0.004370976104410951,-0.007370976104410951,8.108108108108109e-05
2025-08-18,2025-08-25,LTF.NS,0.02702702702702703,0.030206697285542816,0.027206697285542817,8.108108108108109e-05
2025-08-18,2025-08-25,MANAPPURAM.NS,0.02702702702702703,0.004108224878743627,0.001108224878743627,8.108108108108109e-05
2025-08-18,2025-08-25,MCX.NS,0.02702702702702703,-0.037304439800667,-0.040304439800667,8.108108108108109e-05
2025-08-18,2025-08-25,BSE.NS,0.02702702702702703,-0.08902199617605944,-0.09202199617605944,8.108108108108109e-05
2025-08-18,2025-08-25,CDSL.NS,0.02702702702702703,-0.027174187038930153,-0.030174187038930152,8.108108108108109e-05
2025-08-18,2025-08-25,LAURUSLABS.NS,0.02702702702702703,-0.002701368364422918,-0.005701368364422918,8.108108108108109e-05
2025-08-18,2025-08-25,NAM-INDIA.NS,0.02702702702702703,0.003906191451873875,0.0009061914518738749,8.108108108108109e-05
2025-08-18,2025-08-25,HDFCAMC.NS,0.02702702702702703,0.028409031134114304,0.025409031134114305,8.108108108108109e-05
2025-08-18,2025-08-25,RADICO.NS,0.02702702702702703,0.019664229433348,0.016664229433348002,8.108108108108109e-05
2025-08-18,2025-08-25,TIINDIA.NS,0.02702702702702703,0.0004915403723029232,-0.002508459627697077,8.108108108108109e-05
2025-08-25,2025-09-02,^NSEI,0.02702702702702703,-0.011365690074097823,-0.014365690074097822,8.108108108108109e-05
2025-08-25,2025-09-02,BHARTIARTL.NS,0.02702702702702703,-0.01618019336705745,-0.01918019336705745,8.108108108108109e-05
2025-08-25,2025-09-02,TATASTEEL.NS,0.02702702702702703,-0.004775074285972902,-0.007775074285972902,8.108108108108109e-05
2025-08-25,2025-09-02,M&M.NS,0.02702702702702703,-0.03711340313901357,-0.04011340313901357,8.108108108108109e-05
2025-08-25,2025-09-02,TECHM.NS,0.02702702702702703,-0.00539112602041536,-0.008391126020415359,8.108108108108109e-05
2025-08-25,2025-09-02,BRITANNIA.NS,0.02702702702702703,0.05677637366614263,0.05377637366614263,8.108108108108109e-05
2025-08-25,2025-09-02,HEROMOTOCO.NS,0.02702702702702703,0.05158173137356914,0.04858173137356914,8.108108108108109e-05
2025-08-25,2025-09-02,UPL.NS,0.02702702702702703,-0.009996557420146046,-0.012996557420146045,8.108108108108109e-05
2025-08-25,2025-09-02,BEL.NS,0.02702702702702703,0.015457021613518585,0.012457021613518585,8.108108108108109e-05
2025-08-25,2025-09-02,CHOLAFIN.NS,0.02702702702702703,-0.05143647046267141,-0.054436470462671416,8.108108108108109e-05
2025-08-25,2025-09-02,TVSMOTOR.NS,0.02702702702702703,0.028404687925211558,0.02540468792521156,8.108108108108109e-05
2025-08-25,2025-09-02,ABCAPITAL.NS,0.02702702702702703,-0.03187737931501522,-0.03487737931501522,8.108108108108109e-05
2025-08-25,2025-09-02,MFSL.NS,0.02702702702702703,-0.013738586982332879,-0.016738586982332878,8.108108108108109e-05
2025-08-25,2025-09-02,MPHASIS.NS,0.02702702702702703,0.0008966561388967786,-0.0021033438611032214,8.108108108108109e-05
2025-08-25,2025-09-02,COFORGE.NS,0.02702702702702703,-0.004506846851884405,-0.007506846851884405,8.108108108108109e-05
2025-08-25,2025-09-02,PERSISTENT.NS,0.02702702702702703,-0.00351198207289638,-0.00651198207289638,8.108108108108109e-05
2025-08-25,2025-09-02,ZENSARTECH.NS,0.02702702702702703,-0.018719001309202676,-0.021719001309202676,8.108108108108109e-05
2025-08-25,2025-09-02,TATAELXSI.NS,0.02702702702702703,-0.01642600058937793,-0.01942600058937793,8.108108108108109e-05
2025-08-25,2025-09-02,ASHOKLEY.NS,0.02702702702702703,0.009884492466378125,0.006884492466378125,8.108108108108109e-05
2025-08-25,2025-09-02,MRF.NS,0.02702702702702703,0.05040963967696066,0.04740963967696066,8.108108108108109e-05
2025-08-25,2025-09-02,NYKAA.NS,0.02702702702702703,0.016989735764041836,0.013989735764041836,8.108108108108109e-05
2025-08-25,2025-09-02,PAYTM.NS,0.02702702702702703,-0.012616547209433948,-0.015616547209433947,8.108108108108109e-05
2025-08-25,2025-09-02,DELHIVERY.NS,0.02702702702702703,-0.006210552014802584,-0.009210552014802583,8.108108108108109e-05
2025-08-25,2025-09-02,INDIAMART.NS,0.02702702702702703,-0.030493259892833136,-0.03349325989283314,8.108108108108109e-05
2025-08-25,2025-09-02,POLICYBZR.NS,0.02702702702702703,-0.04502891929823116,-0.048028919298231165,8.108108108108109e-05
2025-08-25,2025-09-02,AMBER.NS,0.02702702702702703,0.03985310119695318,0.036853101196953175,8.108108108108109e-05
2025-08-25,2025-09-02,GLENMARK.NS,0.02702702702702703,-0.00945562339292827,-0.012455623392928269,8.108108108108109e-05
2025-08-25,2025-09-02,POONAWALLA.NS,0.02702702702702703,-0.08780383109149992,-0.09080383109149992,8.108108108108109e-05
2025-08-25,2025-09-02,LTF.NS,0.02702702702702703,0.02660530547842721,0.02360530547842721,8.108108108108109e-05
2025-08-25,2025-09-02,MANAPPURAM.NS,0.02702702702702703,0.04984184073157727,0.04684184073157727,8.108108108108109e-05
2025-08-25,2025-09-02,ANGELONE.NS,0.02702702702702703,-0.06456882183287682,-0.06756882183287682,8.108108108108109e-05
2025-08-25,2025-09-02,MCX.NS,0.02702702702702703,-0.03831252501690585,-0.041312525016905854,8.108108108108109e-05
2025-08-25,2025-09-02,BSE.NS,0.02702702702702703,-0.03155129453046912,-0.03455129453046912,8.108108108108109e-05
2025-08-25,2025-09-02,CDSL.NS,0.02702702702702703,-0.017515370610574843,-0.020515370610574842,8.108108108108109e-05
2025-08-25,2025-09-02,LAURUSLABS.NS,0.02702702702702703,-0.00858676474296205,-0.011586764742962049,8.108108108108109e-05
2025-08-25,2025-09-02,NAM-INDIA.NS,0.02702702702702703,-0.04627352888743841,-0.04927352888743841,8.108108108108109e-05
2025-08-25,2025-09-02,RADICO.NS,0.02702702702702703,-0.004228253962764272,-0.007228253962764272,8.108108108108109e-05
2025-09-02,2025-09-09,BHARTIARTL.NS,0.02702702702702703,0.006874710764503966,0.003874710764503966,8.108108108108109e-05
2025-09-02,2025-09-09,TATASTEEL.NS,0.02702702702702703,0.06811867040179997,0.06511867040179997,8.108108108108109e-05
2025-09-02,2025-09-09,HINDALCO.NS,0.02702702702702703,0.027586207447045208,0.02458620744704521,8.108108108108109e-05
2025-09-02,2025-09-09,BRITANNIA.NS,0.02702702702702703,0.043031733525729754,0.04003173352572975,8.108108108108109e-05
2025-09-02,2025-09-09,BPCL.NS,0.02702702702702703,0.0017462290825240867,-0.0012537709174759134,8.108108108108109e-05
2025-09-02,2025-09-09,HEROMOTOCO.NS,0.02702702702702703,0.023474218369554878,0.02047421836955488,8.108108108108109e-05
2025-09-02,2025-09-09,BEL.NS,0.02702702702702703,-0.010721393057368966,-0.013721393057368966,8.108108108108109e-05
2025-09-02,2025-09-09,TVSMOTOR.NS,0.02702702702702703,0.06420956787996102,0.06120956787996101,8.108108108108109e-05
2025-09-02,2025-09-09,POLYCAB.NS,0.02702702702702703,0.011010421455957875,0.008010421455957876,8.108108108108109e-05
2025-09-02,2025-09-09,TATACOMM.NS,0.02702702702702703,0.03267139875604852,0.02967139875604852,8.108108108108109e-05
2025-09-02,2025-09-09,AUBANK.NS,0.02702702702702703,-0.011267553571774558,-0.014267553571774557,8.108108108108109e-05
2025-09-02,2025-09-09,ABCAPITAL.NS,0.02702702702702703,0.052937920574354536,0.04993792057435453,8.108108108108109e-05
2025-09-02,2025-09-09,MFSL.NS,0.02702702702702703,-0.01134123775713558,-0.01434123775713558,8.108108108108109e-05
2025-09-02,2025-09-09,COFORGE.NS,0.02702702702702703,-0.018911207625300963,-0.021911207625300962,8.108108108108109e-05
2025-09-02,2025-09-09,HINDPETRO.NS,0.02702702702702703,0.020887769528813882,0.017887769528813883,8.108108108108109e-05
2025-09-02,2025-09-09,COROMANDEL.NS,0.02702702702702703,-0.043132096814266996,-0.046132096814267,8.108108108108109e-05
2025-09-02,2025-09-09,NYKAA.NS,0.02702702702702703,0.03448277214388895,0.03148277214388895,8.108108108108109e-05
2025-09-02,2025-09-09,PAYTM.NS,0.02702702702702703,-0.028174603174603186,-0.031174603174603185,8.108108108108109e-05
2025-09-02,2025-09-09,DELHIVERY.NS,0.02702702702702703,-0.01249866338111627,-0.01549866338111627,8.108108108108109e-05
2025-09-02,2025-09-09,INDIAMART.NS,0.02702702702702703,0.009765173418275985,0.006765173418275985,8.108108108108109e-05
2025-09-02,2025-09-09,CUMMINSIND.NS,0.02702702702702703,0.04823313135774798,0.04523313135774798,8.108108108108109e-05
2025-09-02,2025-09-09,AMBER.NS,0.02702702702702703,0.020274689339437435,0.017274689339437436,8.108108108108109e-05
2025-09-02,2025-09-09,GLENMARK.NS,0.02702702702702703,0.08978329358885517,0.08678329358885517,8.108108108108109e-05
2025-09-02,2025-09-09,PRESTIGE.NS,0.02702702702702703,-0.018362037645692997,-0.021362037645692996,8.108108108108109e-05
2025-09-02,2025-09-09,POONAWALLA.NS,0.02702702702702703,0.010447192304082531,0.007447192304082531,8.108108108108109e-05
2025-09-02,2025-09-09,LTF.NS,0.02702702702702703,0.04739276223116229,0.044392762231162286,8.108108108108109e-05
2025-09-02,2025-09-09,MANAPPURAM.NS,0.02702702702702703,0.038086802480071125,0.03508680248007112,8.108108108108109e-05
2025-09-02,2025-09-09,ANGELONE.NS,0.02702702702702703,0.02664914349126568,0.023649143491265682,8.108108108108109e-05
2025-09-02,2025-09-09,MCX.NS,0.02702702702702703,-0.0031195019874131757,-0.006119501987413176,8.108108108108109e-05
2025-09-02,2025-09-09,BSE.NS,0.02702702702702703,0.07013575247907511,0.0671357524790751,8.108108108108109e-05
2025-09-02,2025-09-09,KPIL.NS,0.02702702702702703,0.04297381090338148,0.03997381090338148,8.108108108108109e-05
2025-09-02,2025-09-09,KAYNES.NS,0.02702702702702703,0.08610984329834159,0.08310984329834159,8.108108108108109e-05
2025-09-02,2025-09-09,LAURUSLABS.NS,0.02702702702702703,0.05446717355861397,0.051467173558613966,8.108108108108109e-05
2025-09-02,2025-09-09,NAM-INDIA.NS,0.02702702702702703,0.016884231305368314,0.013884231305368314,8.108108108108109e-05
2025-09-02,2025-09-09,HDFCAMC.NS,0.02702702702702703,0.023555948206269495,0.020555948206269496,8.108108108108109e-05
2025-09-02,2025-09-09,RADICO.NS,0.02702702702702703,-0.0479856525672443,-0.0509856525672443,8.108108108108109e-05
2025-09-02,2025-09-09,KEI.NS,0.02702702702702703,0.017085431222256364,0.014085431222256365,8.108108108108109e-05
2025-09-09,2025-09-16,BHARTIARTL.NS,0.02702702702702703,0.01790962854947109,0.014909628549471091,8.108108108108109e-05
2025-09-09,2025-09-16,TATASTEEL.NS,0.02702702702702703,0.019563860756599327,0.016563860756599328,8.108108108108109e-05
2025-09-09,2025-09-16,EICHERMOT.NS,0.02702702702702703,0.0030434857935341952,4.3485793534195176e-05,8.108108108108109e-05
2025-09-09,2025-09-16,HEROMOTOCO.NS,0.02702702702702703,-0.019449554045238848,-0.022449554045238847,8.108108108108109e-05
2025-09-09,2025-09-16,UPL.NS,0.02702702702702703,0.0008504996476952353,-0.0021495003523047647,8.108108108108109e-05
2025-09-09,2025-09-16,HAL.NS,0.02702702702702703,0.08278364687917161,0.07978364687917161,8.108108108108109e-05
2025-09-09,2025-09-16,BEL.NS,0.02702702702702703,0.08509495491774977,0.08209495491774976,8.108108108108109e-05
2025-09-09,2025-09-16,TVSMOTOR.NS,0.02702702702702703,-0.021879280898736142,-0.02487928089873614,8.108108108108109e-05
2025-09-09,2025-09-16,POLYCAB.NS,0.02702702702702703,0.025503152086269187,0.022503152086269188,8.108108108108109e-05
2025-09-09,2025-09-16,COCHINSHIP.NS,0.02702702702702703,0.1190708534626359,0.1160708534626359,8.108108108108109e-05
2025-09-09,2025-09-16,ABCAPITAL.NS,0.02702702702702703,0.005528701234485567,0.0025287012344855668,8.108108108108109e-05
2025-09-09,2025-09-16,MFSL.NS,0.02702702702702703,-0.021197007481296715,-0.024197007481296714,8.108108108108109e-05
2025-09-09,2025-09-16,MPHASIS.NS,0.02702702702702703,0.03171840254691527,0.02871840254691527,8.108108108108109e-05
2025-09-09,2025-09-16,ZENSARTECH.NS,0.02702702702702703,0.05769223348367558,0.05469223348367558,8.108108108108109e-05
2025-09-09,2025-09-16,ASHOKLEY.NS,0.02702702702702703,-0.0072069233011399225,-0.010206923301139922,8.108108108108109e-05
2025-09-09,2025-09-16,MRF.NS,0.02702702702702703,0.012048015497209796,0.009048015497209797,8.108108108108109e-05
2025-09-09,2025-09-16,NYKAA.NS,0.02702702702702703,0.009689425829774834,0.006689425829774834,8.108108108108109e-05
2025-09-09,2025-09-16,PAYTM.NS,0.02702702702702703,0.004491629236422989,0.0014916292364229892,8.108108108108109e-05
2025-09-09,2025-09-16,DELHIVERY.NS,0.02702702702702703,0.023275783000278327,0.020275783000278328,8.108108108108109e-05
2025-09-09,2025-09-16,CUMMINSIND.NS,0.02702702702702703,0.012549198718050603,0.009549198718050603,8.108108108108109e-05
2025-09-09,2025-09-16,DIXON.NS,0.02702702702702703,0.009303412901120467,0.006303412901120467,8.108108108108109e-05
2025-09-09,2025-09-16,AMBER.NS,0.02702702702702703,0.0641025641025641,0.061102564102564094,8.108108108108109e-05
2025-09-09,2025-09-16,GLENMARK.NS,0.02702702702702703,-0.01167283814009612,-0.01467283814009612,8.108108108108109e-05
2025-09-09,2025-09-16,PRESTIGE.NS,0.02702702702702703,0.07055013701728163,0.06755013701728163,8.108108108108109e-05
2025-09-09,2025-09-16,POONAWALLA.NS,0.02702702702702703,0.03055296022993681,0.02755296022993681,8.108108108108109e-05
2025-09-09,2025-09-16,LTF.NS,0.02702702702702703,0.03167806870976997,0.02867806870976997,8.108108108108109e-05
2025-09-09,2025-09-16,MANAPPURAM.NS,0.02702702702702703,0.010750910569033767,0.007750910569033767,8.108108108108109e-05
2025-09-09,2025-09-16,MCX.NS,0.02702702702702703,0.0017602191684815693,-0.0012397808315184307,8.108108108108109e-05
2025-09-09,2025-09-16,BSE.NS,0.02702702702702703,-0.06583499720069186,-0.06883499720069186,8.108108108108109e-05
2025-09-09,2025-09-16,CDSL.NS,0.02702702702702703,-0.001158900991336087,-0.004158900991336087,8.108108108108109e-05
2025-09-09,2025-09-16,NBCC.NS,0.02702702702702703,0.0673132162204726,0.06431321622047259,8.108108108108109e-05
2025-09-09,2025-09-16,KPIL.NS,0.02702702702702703,0.01214163874286922,0.009141638742869222,8.108108108108109e-05
2025-09-09,2025-09-16,LAURUSLABS.NS,0.02702702702702703,-0.012183006579268185,-0.015183006579268184,8.108108108108109e-05
2025-09-09,2025-09-16,NAM-INDIA.NS,0.02702702702702703,0.02956611516104979,0.02656611516104979,8.108108108108109e-05
2025-09-09,2025-09-16,HDFCAMC.NS,0.02702702702702703,0.024160076254130303,0.021160076254130303,8.108108108108109e-05
2025-09-09,2025-09-16,RADICO.NS,0.02702702702702703,0.08818948380926184,0.08518948380926183,8.108108108108109e-05
2025-09-09,2025-09-16,KEI.NS,0.02702702702702703,0.03878465232924011,0.03578465232924011,8.108108108108109e-05
2025-09-16,2025-09-23,M&M.NS,0.02702702702702703,0.0018015750972351086,-0.0011984249027648915,8.108108108108109e-05
2025-09-16,2025-09-23,BPCL.NS,0.02702702702702703,0.033140485906050454,0.030140485906050455,8.108108108108109e-05
2025-09-16,2025-09-23,HEROMOTOCO.NS,0.02702702702702703,0.004865353512266912,0.0018653535122669122,8.108108108108109e-05
2025-09-16,2025-09-23,HAL.NS,0.02702702702702703,-0.00931420633487512,-0.012314206334875118,8.108108108108109e-05
2025-09-16,2025-09-23,BEL.NS,0.02702702702702703,-0.0025893396700963356,-0.005589339670096336,8.108108108108109e-05
2025-09-16,2025-09-23,ABB.NS,0.02702702702702703,-0.014435526196439397,-0.017435526196439396,8.108108108108109e-05
2025-09-16,2025-09-23,TVSMOTOR.NS,0.02702702702702703,-0.0013980124084739254,-0.0043980124084739254,8.108108108108109e-05
2025-09-16,2025-09-23,POLYCAB.NS,0.02702702702702703,0.020298428232880417,0.017298428232880417,8.108108108108109e-05
2025-09-16,2025-09-23,MAZDOCK.NS,0.02702702702702703,0.004881261850123275,0.0018812618501232751,8.108108108108109e-05
2025-09-16,2025-09-23,COCHINSHIP.NS,0.02702702702702703,0.04029417853034456,0.03729417853034456,8.108108108108109e-05
2025-09-16,2025-09-23,ABCAPITAL.NS,0.02702702702702703,0.0015464337011383833,-0.0014535662988616168,8.108108108108109e-05
2025-09-16,2025-09-23,MFSL.NS,0.02702702702702703,0.010191082802547768,0.007191082802547768,8.108108108108109e-05
2025-09-16,2025-09-23,MPHASIS.NS,0.02702702702702703,-0.07094597837669692,-0.07394597837669692,8.108108108108109e-05
2025-09-16,2025-09-23,TORNTPOWER.NS,0.02702702702702703,0.015143052499953624,0.012143052499953625,8.108108108108109e-05
2025-09-16,2025-09-23,ASHOKLEY.NS,0.02702702702702703,0.05555552586806223,0.052555525868062225,8.108108108108109e-05
2025-09-16,2025-09-23,ESCORTS.NS,0.02702702702702703,0.019908016877983492,0.016908016877983493,8.108108108108109e-05
2025-09-16,2025-09-23,MRF.NS,0.02702702702702703,0.02777786867069376,0.024777868670693762,8.108108108108109e-05
2025-09-16,2025-09-23,PAYTM.NS,0.02702702702702703,-0.039024390243902474,-0.042024390243902476,8.108108108108109e-05
2025-09-16,2025-09-23,DELHIVERY.NS,0.02702702702702703,-0.038364754282953384,-0.041364754282953387,8.108108108108109e-05
2025-09-16,2025-09-23,INDIAMART.NS,0.02702702702702703,-0.07108011513892498,-0.07408011513892498,8.108108108108109e-05
2025-09-16,2025-09-23,CUMMINSIND.NS,0.02702702702702703,-0.026682834567747893,-0.029682834567747892,8.108108108108109e-05
2025-09-16,2025-09-23,SKFINDIA.NS,0.02702702702702703,-0.01118748646665102,-0.014187486466651019,8.108108108108109e-05
2025-09-16,2025-09-23,TIMKEN.NS,0.02702702702702703,-0.005378310686702359,-0.008378310686702358,8.108108108108109e-05
2025-09-16,2025-09-23,DIXON.NS,0.02702702702702703,-0.007131102578167847,-0.010131102578167846,8.108108108108109e-05
2025-09-16,2025-09-23,GLENMARK.NS,0.02702702702702703,-0.032663446667163476,-0.03566344666716348,8.108108108108109e-05
2025-09-16,2025-09-23,PRESTIGE.NS,0.02702702702702703,-0.029685631071849294,-0.0326856310718493,8.108108108108109e-05
2025-09-16,2025-09-23,POONAWALLA.NS,0.02702702702702703,0.08882882538247938,0.08582882538247938,8.108108108108109e-05
2025-09-16,2025-09-23,MCX.NS,0.02702702702702703,0.048418617127349295,0.04541861712734929,8.108108108108109e-05
2025-09-16,2025-09-23,BSE.NS,0.02702702702702703,-0.03942437696982404,-0.04242437696982404,8.108108108108109e-05
2025-09-16,2025-09-23,KPIL.NS,0.02702702702702703,-0.032582601422150304,-0.035582601422150306,8.108108108108109e-05
2025-09-16,2025-09-23,IRB.NS,0.02702702702702703,-0.011721401041000834,-0.014721401041000833,8.108108108108109e-05
2025-09-16,2025-09-23,KAYNES.NS,0.02702702702702703,0.003675195894875527,0.0006751958948755269,8.108108108108109e-05
2025-09-16,2025-09-23,LAURUSLABS.NS,0.02702702702702703,0.017802324599764496,0.014802324599764497,8.108108108108109e-05
2025-09-16,2025-09-23,NAM-INDIA.NS,0.02702702702702703,0.009592294041435467,0.006592294041435467,8.108108108108109e-05
2025-09-16,2025-09-23,HDFCAMC.NS,0.02702702702702703,0.009728795730768125,0.006728795730768125,8.108108108108109e-05
2025-09-16,2025-09-23,KEI.NS,0.02702702702702703,-0.009322322003261108,-0.012322322003261107,8.108108108108109e-05
2025-09-16,2025-09-23,EXIDEIND.NS,0.02702702702702703,-0.03770427146253219,-0.04070427146253219,8.108108108108109e-05
2025-09-23,2025-09-30,M&M.NS,0.02702702702702703,-0.05403239848496311,-0.05703239848496311,8.108108108108109e-05
2025-09-23,2025-09-30,HEROMOTOCO.NS,0.02702702702702703,0.01908741390487534,0.01608741390487534,8.108108108108109e-05
2025-09-23,2025-09-30,HAL.NS,0.02702702702702703,-0.01355012146503698,-0.01655012146503698,8.108108108108109e-05
2025-09-23,2025-09-30,BEL.NS,0.02702702702702703,-0.006057659308327024,-0.009057659308327023,8.108108108108109e-05
2025-09-23,2025-09-30,TRENT.NS,0.02702702702702703,-0.04597006892685451,-0.048970068926854515,8.108108108108109e-05
2025-09-23,2025-09-30,TVSMOTOR.NS,0.02702702702702703,-0.014771450851599699,-0.017771450851599698,8.108108108108109e-05
2025-09-23,2025-09-30,POLYCAB.NS,0.02702702702702703,-0.033728550752800235,-0.03672855075280024,8.108108108108109e-05
2025-09-23,2025-09-30,MAZDOCK.NS,0.02702702702702703,-0.06409432290308092,-0.06709432290308093,8.108108108108109e-05
2025-09-23,2025-09-30,COCHINSHIP.NS,0.02702702702702703,-0.05540888257526311,-0.05840888257526311,8.108108108108109e-05
2025-09-23,2025-09-30,RBLBANK.NS,0.02702702702702703,0.03119200125728816,0.02819200125728816,8.108108108108109e-05
2025-09-23,2025-09-30,ABCAPITAL.NS,0.02702702702702703,0.003602634239119107,0.0006026342391191068,8.108108108108109e-05
2025-09-23,2025-09-30,MFSL.NS,0.02702702702702703,-0.01261034047919296,-0.01561034047919296,8.108108108108109e-05
2025-09-23,2025-09-30,CHENNPETRO.NS,0.02702702702702703,0.017693250442519348,0.014693250442519349,8.108108108108109e-05
2025-09-23,2025-09-30,NATIONALUM.NS,0.02702702702702703,0.03264265961077051,0.02964265961077051,8.108108108108109e-05
2025-09-23,2025-09-30,MRF.NS,0.02702702702702703,-0.056628132833493994,-0.059628132833493996,8.108108108108109e-05
2025-09-23,2025-09-30,PAYTM.NS,0.02702702702702703,-0.04932322235881981,-0.05232322235881981,8.108108108108109e-05
2025-09-23,2025-09-30,DELHIVERY.NS,0.02702702702702703,-0.01689557399990238,-0.01989557399990238,8.108108108108109e-05
2025-09-23,2025-09-30,CUMMINSIND.NS,0.02702702702702703,-0.019774300728400362,-0.02277430072840036,8.108108108108109e-05
2025-09-23,2025-09-30,BLUESTARCO.NS,0.02702702702702703,-0.04459182610106238,-0.047591826101062384,8.108108108108109e-05
2025-09-23,2025-09-30,AMBER.NS,0.02702702702702703,-0.014519056261342977,-0.017519056261342977,8.108108108108109e-05
2025-09-23,2025-09-30,GLENMARK.NS,0.02702702702702703,-0.031783010869476325,-0.03478301086947633,8.108108108108109e-05
2025-09-23,2025-09-30,POONAWALLA.NS,0.02702702702702703,0.03758151659121167,0.03458151659121167,8.108108108108109e-05
2025-09-23,2025-09-30,LTF.NS,0.02702702702702703,0.016219540887790096,0.013219540887790097,8.108108108108109e-05
2025-09-23,2025-09-30,MANAPPURAM.NS,0.02702702702702703,-0.031014375250135617,-0.03401437525013562,8.108108108108109e-05
2025-09-23,2025-09-30,MCX.NS,0.02702702702702703,-0.030229625903031243,-0.033229625903031246,8.108108108108109e-05
2025-09-23,2025-09-30,BSE.NS,0.02702702702702703,-0.03496360227642448,-0.03796360227642448,8.108108108108109e-05
2025-09-23,2025-09-30,CDSL.NS,0.02702702702702703,-0.052495134009650224,-0.05549513400965023,8.108108108108109e-05
2025-09-23,2025-09-30,HUDCO.NS,0.02702702702702703,-0.042553243779011374,-0.045553243779011376,8.108108108108109e-05
2025-09-23,2025-09-30,NBCC.NS,0.02702702702702703,-0.054222176051363036,-0.05722217605136304,8.108108108108109e-05
2025-09-23,2025-09-30,KPIL.NS,0.02702702702702703,0.003999982253759526,0.0009999822537595264,8.108108108108109e-05
2025-09-23,2025-09-30,KAYNES.NS,0.02702702702702703,-0.020864999309106014,-0.023864999309106013,8.108108108108109e-05
2025-09-23,2025-09-30,LAURUSLABS.NS,0.02702702702702703,-0.07336330588707962,-0.07636330588707962,8.108108108108109e-05
2025-09-23,2025-09-30,NAM-INDIA.NS,0.02702702702702703,0.026722103665549612,0.023722103665549613,8.108108108108109e-05
2025-09-23,2025-09-30,HDFCAMC.NS,0.02702702702702703,-0.05798084987193597,-0.06098084987193597,8.108108108108109e-05
2025-09-23,2025-09-30,RADICO.NS,0.02702702702702703,-0.03191382622104222,-0.03491382622104222,8.108108108108109e-05
2025-09-23,2025-09-30,TIINDIA.NS,0.02702702702702703,-0.05818949902211268,-0.06118949902211268,8.108108108108109e-05
2025-09-23,2025-09-30,KEI.NS,0.02702702702702703,-0.028133808272533978,-0.031133808272533977,8.108108108108109e-05
2025-09-30,2025-10-08,TATASTEEL.NS,0.02702702702702703,0.02242598257376338,0.019425982573763382,8.108108108108109e-05
2025-09-30,2025-10-08,DLF.NS,0.02702702702702703,0.01892082198393874,0.01592082198393874,8.108108108108109e-05
2025-09-30,2025-10-08,HAL.NS,0.02702702702702703,0.012679644768528231,0.009679644768528232,8.108108108108109e-05
2025-09-30,2025-10-08,BEL.NS,0.02702702702702703,0.004228883170918074,0.001228883170918074,8.108108108108109e-05
2025-09-30,2025-10-08,TRENT.NS,0.02702702702702703,-0.01719380728087383,-0.02019380728087383,8.108108108108109e-05
2025-09-30,2025-10-08,TVSMOTOR.NS,0.02702702702702703,0.011251927185541577,0.008251927185541578,8.108108108108109e-05
2025-09-30,2025-10-08,POLYCAB.NS,0.02702702702702703,0.03463321599473468,0.031633215994734676,8.108108108108109e-05
2025-09-30,2025-10-08,MAZDOCK.NS,0.02702702702702703,0.016137147333829205,0.013137147333829206,8.108108108108109e-05
2025-09-30,2025-10-08,COCHINSHIP.NS,0.02702702702702703,0.004971981711295204,0.0019719817112952035,8.108108108108109e-05
2025-09-30,2025-10-08,AUBANK.NS,0.02702702702702703,0.05769226446067788,0.054692264460677875,8.108108108108109e-05
2025-09-30,2025-10-08,RBLBANK.NS,0.02702702702702703,0.029528213012399718,0.02652821301239972,8.108108108108109e-05
2025-09-30,2025-10-08,ABCAPITAL.NS,0.02702702702702703,0.015042714176014993,0.012042714176014994,8.108108108108109e-05
2025-09-30,2025-10-08,MPHASIS.NS,0.02702702702702703,0.05461393634601386,0.051613936346013856,8.108108108108109e-05
2025-09-30,2025-10-08,PERSISTENT.NS,0.02702702702702703,0.08445127830958521,0.0814512783095852,8.108108108108109e-05
2025-09-30,2025-10-08,KPITTECH.NS,0.02702702702702703,0.045765804614307015,0.04276580461430701,8.108108108108109e-05
2025-09-30,2025-10-08,TATAELXSI.NS,0.02702702702702703,0.03674164635773769,0.03374164635773769,8.108108108108109e-05
2025-09-30,2025-10-08,CHENNPETRO.NS,0.02702702702702703,0.05228758201153849,0.04928758201153849,8.108108108108109e-05
2025-09-30,2025-10-08,PAYTM.NS,0.02702702702702703,0.0901486635489146,0.0871486635489146,8.108108108108109e-05
2025-09-30,2025-10-08,CUMMINSIND.NS,0.02702702702702703,-0.0040244455925388944,-0.0070244455925388945,8.108108108108109e-05
2025-09-30,2025-10-08,TIMKEN.NS,0.02702702702702703,-0.017755399839392783,-0.020755399839392782,8.108108108108109e-05
2025-09-30,2025-10-08,DIXON.NS,0.02702702702702703,0.030297488417459162,0.027297488417459163,8.108108108108109e-05
2025-09-30,2025-10-08,AMBER.NS,0.02702702702702703,0.012891344383057168,0.00989134438305717,8.108108108108109e-05
2025-09-30,2025-10-08,GLENMARK.NS,0.02702702702702703,-0.007285552573094378,-0.010285552573094377,8.108108108108109e-05
2025-09-30,2025-10-08,OBEROIRLTY.NS,0.02702702702702703,-0.0024561147116891613,-0.005456114711689161,8.108108108108109e-05
2025-09-30,2025-10-08,PRESTIGE.NS,0.02702702702702703,0.036988048816326335,0.03398804881632633,8.108108108108109e-05
2025-09-30,2025-10-08,POONAWALLA.NS,0.02702702702702703,0.05078822865588983,0.04778822865588983,8.108108108108109e-05
2025-09-30,2025-10-08,MANAPPURAM.NS,0.02702702702702703,0.03607429341027557,0.03307429341027557,8.108108108108109e-05
2025-09-30,2025-10-08,MCX.NS,0.02702702702702703,0.04832613067132252,0.04532613067132252,8.108108108108109e-05
2025-09-30,2025-10-08,BSE.NS,0.02702702702702703,0.09580072317178412,0.09280072317178412,8.108108108108109e-05
2025-09-30,2025-10-08,CDSL.NS,0.02702702702702703,0.053146305295388,0.050146305295387994,8.108108108108109e-05
2025-09-30,2025-10-08,NBCC.NS,0.02702702702702703,0.03994360075993786,0.036943600759937856,8.108108108108109e-05
2025-09-30,2025-10-08,KPIL.NS,0.02702702702702703,-5.721858542528935e-09,-0.0030000057218585426,8.108108108108109e-05
2025-09-30,2025-10-08,KAYNES.NS,0.02702702702702703,0.019333897826700586,0.016333897826700586,8.108108108108109e-05
2025-09-30,2025-10-08,LAURUSLABS.NS,0.02702702702702703,0.019053185737313072,0.016053185737313073,8.108108108108109e-05
2025-09-30,2025-10-08,NAM-INDIA.NS,0.02702702702702703,-0.005205273580293435,-0.008205273580293434,8.108108108108109e-05
2025-09-30,2025-10-08,HDFCAMC.NS,0.02702702702702703,-0.005430883470838088,-0.008430883470838087,8.108108108108109e-05
2025-09-30,2025-10-08,KEI.NS,0.02702702702702703,0.05419161938122352,0.05119161938122352,8.108108108108109e-05
2025-10-08,2025-10-15,BAJFINANCE.NS,0.02702702702702703,0.038123178612958775,0.03512317861295877,8.108108108108109e-05
2025-10-08,2025-10-15,TATASTEEL.NS,0.02702702702702703,0.0012154205995142942,-0.001784579400485706,8.108108108108109e-05
2025-10-08,2025-10-15,HINDALCO.NS,0.02702702702702703,-0.006686159539652126,-0.009686159539652125,8.108108108108109e-05
2025-10-08,2025-10-15,EICHERMOT.NS,0.02702702702702703,-0.004620938271486685,-0.007620938271486685,8.108108108108109e-05
2025-10-08,2025-10-15,BPCL.NS,0.02702702702702703,-0.023902005693222317,-0.026902005693222316,8.108108108108109e-05
2025-10-08,2025-10-15,HEROMOTOCO.NS,0.02702702702702703,0.011242123294928463,0.008242123294928464,8.108108108108109e-05
2025-10-08,2025-10-15,HAL.NS,0.02702702702702703,0.014190290660623273,0.011190290660623273,8.108108108108109e-05
2025-10-08,2025-10-15,BEL.NS,0.02702702702702703,0.013376231286630125,0.010376231286630126,8.108108108108109e-05
2025-10-08,2025-10-15,CANBK.NS,0.02702702702702703,0.019764459559965086,0.016764459559965087,8.108108108108109e-05
2025-10-08,2025-10-15,TVSMOTOR.NS,0.02702702702702703,0.02807491765852488,0.02507491765852488,8.108108108108109e-05
2025-10-08,2025-10-15,POLYCAB.NS,0.02702702702702703,0.014760108972852404,0.011760108972852405,8.108108108108109e-05
2025-10-08,2025-10-15,AUBANK.NS,0.02702702702702703,0.04058441542727742,0.03758441542727742,8.108108108108109e-05
2025-10-08,2025-10-15,RBLBANK.NS,0.02702702702702703,0.056313481127552745,0.05331348112755274,8.108108108108109e-05
2025-10-08,2025-10-15,ABCAPITAL.NS,0.02702702702702703,0.022229727986510905,0.019229727986510906,8.108108108108109e-05
2025-10-08,2025-10-15,MFSL.NS,0.02702702702702703,0.020408163265306145,0.017408163265306146,8.108108108108109e-05
2025-10-08,2025-10-15,HINDPETRO.NS,0.02702702702702703,-0.023887095374103273,-0.026887095374103272,8.108108108108109e-05
2025-10-08,2025-10-15,IOC.NS,0.02702702702702703,-0.0007793155139602659,-0.003779315513960266,8.108108108108109e-05
2025-10-08,2025-10-15,MRPL.NS,0.02702702702702703,0.03637604197198674,0.033376041971986736,8.108108108108109e-05
2025-10-08,2025-10-15,CHENNPETRO.NS,0.02702702702702703,-0.01366456910549152,-0.01666456910549152,8.108108108108109e-05
2025-10-08,2025-10-15,JINDALSTEL.NS,0.02702702702702703,-0.017775214388535687,-0.020775214388535686,8.108108108108109e-05
2025-10-08,2025-10-15,NATIONALUM.NS,0.02702702702702703,0.00709849150084052,0.00409849150084052,8.108108108108109e-05
2025-10-08,2025-10-15,NYKAA.NS,0.02702702702702703,0.02082194496142864,0.01782194496142864,8.108108108108109e-05
2025-10-08,2025-10-15,PAYTM.NS,0.02702702702702703,0.046285674426020496,0.04328567442602049,8.108108108108109e-05
2025-10-08,2025-10-15,DELHIVERY.NS,0.02702702702702703,-0.012625709502689486,-0.015625709502689485,8.108108108108109e-05
2025-10-08,2025-10-15,CUMMINSIND.NS,0.02702702702702703,0.012735898605446216,0.009735898605446217,8.108108108108109e-05
2025-10-08,2025-10-15,KARURVYSYA.NS,0.02702702702702703,-0.0016517715638975083,-0.004651771563897508,8.108108108108109e-05
2025-10-08,2025-10-15,SOUTHBANK.NS,0.02702702702702703,0.06918842477890497,0.06618842477890496,8.108108108108109e-05
2025-10-08,2025-10-15,POONAWALLA.NS,0.02702702702702703,0.034659577291977106,0.0316595772919771,8.108108108108109e-05
2025-10-08,2025-10-15,LTF.NS,0.02702702702702703,0.0353584468842969,0.0323584468842969,8.108108108108109e-05
2025-10-08,2025-10-15,MANAPPURAM.NS,0.02702702702702703,-0.010069983133944915,-0.013069983133944914,8.108108108108109e-05
2025-10-08,2025-10-15,MCX.NS,0.02702702702702703,0.16803024523041055,0.16503024523041054,8.108108108108109e-05
2025-10-08,2025-10-15,KPIL.NS,0.02702702702702703,-0.000796807361250651,-0.003796807361250651,8.108108108108109e-05
2025-10-08,2025-10-15,KAYNES.NS,0.02702702702702703,-0.01702893534542438,-0.020028935345424378,8.108108108108109e-05
2025-10-08,2025-10-15,LAURUSLABS.NS,0.02702702702702703,0.018464845939390573,0.015464845939390574,8.108108108108109e-05
2025-10-08,2025-10-15,NAM-INDIA.NS,0.02702702702702703,0.058139467441605364,0.05513946744160536,8.108108108108109e-05
2025-10-08,2025-10-15,HDFCAMC.NS,0.02702702702702703,0.05396801743101154,0.050968017431011536,8.108108108108109e-05
2025-10-08,2025-10-15,KEI.NS,0.02702702702702703,0.039128349695053855,0.03612834969505385,8.108108108108109e-05
2025-10-15,2025-10-23,^NSEI,0.02702702702702703,0.021271956591309316,0.018271956591309316,8.108108108108109e-05
2025-10-15,2025-10-23,BHARTIARTL.NS,0.02702702702702703,0.023289002189809338,0.02028900218980934,8.108108108108109e-05
2025-10-15,2025-10-23,INDUSINDBK.NS,0.02702702702702703,0.022950579730467213,0.019950579730467214,8.108108108108109e-05
2025-10-15,2025-10-23,IDEA.NS,0.02702702702702703,0.08181821038900261,0.07881821038900261,8.108108108108109e-05
2025-10-15,2025-10-23,DLF.NS,0.02702702702702703,0.020158058974488746,0.017158058974488747,8.108108108108109e-05
2025-10-15,2025-10-23,BEL.NS,0.02702702702702703,0.031532634735746745,0.028532634735746746,8.108108108108109e-05
2025-10-15,2025-10-23,IRFC.NS,0.02702702702702703,0.0025976901481938874,-0.0004023098518061126,8.108108108108109e-05
2025-10-15,2025-10-23,RVNL.NS,0.02702702702702703,-0.022881596370338042,-0.02588159637033804,8.108108108108109e-05
2025-10-15,2025-10-23,CONCOR.NS,0.02702702702702703,0.00933087259735621,0.00633087259735621,8.108108108108109e-05
2025-10-15,2025-10-23,ABCAPITAL.NS,0.02702702702702703,0.01762769721092461,0.01462769721092461,8.108108108108109e-05
2025-10-15,2025-10-23,MFSL.NS,0.02702702702702703,-0.03893753051757809,-0.04193753051757809,8.108108108108109e-05
2025-10-15,2025-10-23,LICHSGFIN.NS,0.02702702702702703,0.020392174367561244,0.017392174367561245,8.108108108108109e-05
2025-10-15,2025-10-23,CHENNPETRO.NS,0.02702702702702703,-0.05944586929442397,-0.06244586929442397,8.108108108108109e-05
2025-10-15,2025-10-23,PETRONET.NS,0.02702702702702703,-0.0033892133549036085,-0.006389213354903609,8.108108108108109e-05
2025-10-15,2025-10-23,SJVN.NS,0.02702702702702703,-0.0012256419228849902,-0.00422564192288499,8.108108108108109e-05
2025-10-15,2025-10-23,NATIONALUM.NS,0.02702702702702703,0.030837063762214845,0.027837063762214845,8.108108108108109e-05
2025-10-15,2025-10-23,BALKRISIND.NS,0.02702702702702703,0.06004515222769613,0.05704515222769613,8.108108108108109e-05
2025-10-15,2025-10-23,DEEPAKNTR.NS,0.02702702702702703,-0.00394607944470815,-0.0069460794447081505,8.108108108108109e-05
2025-10-15,2025-10-23,JUBLFOOD.NS,0.02702702702702703,0.02916015740679767,0.026160157406797672,8.108108108108109e-05
2025-10-15,2025-10-23,PAGEIND.NS,0.02702702702702703,0.02245394981042459,0.01945394981042459,8.108108108108109e-05
2025-10-15,2025-10-23,BATAINDIA.NS,0.02702702702702703,0.03813002568419632,0.03513002568419632,8.108108108108109e-05
2025-10-15,2025-10-23,DELHIVERY.NS,0.02702702702702703,0.0266580374366161,0.0236580374366161,8.108108108108109e-05
2025-10-15,2025-10-23,POLICYBZR.NS,0.02702702702702703,-0.010583926930272103,-0.013583926930272102,8.108108108108109e-05
2025-10-15,2025-10-23,SKFINDIA.NS,0.02702702702702703,-0.036513690522599895,-0.0395136905225999,8.108108108108109e-05
2025-10-15,2025-10-23,TIMKEN.NS,0.02702702702702703,0.0134234886155995,0.0104234886155995,8.108108108108109e-05
2025-10-15,2025-10-23,GLENMARK.NS,0.02702702702702703,-0.015316383419761381,-0.01831638341976138,8.108108108108109e-05
2025-10-15,2025-10-23,OBEROIRLTY.NS,0.02702702702702703,0.004405250483347833,0.0014052504833478334,8.108108108108109e-05
2025-10-15,2025-10-23,BRIGADE.NS,0.02702702702702703,0.040760870063814236,0.037760870063814234,8.108108108108109e-05
2025-10-15,2025-10-23,MANAPPURAM.NS,0.02702702702702703,-0.027586145981167043,-0.030586145981167042,8.108108108108109e-05
2025-10-15,2025-10-23,BSE.NS,0.02702702702702703,0.009761759392769687,0.0067617593927696866,8.108108108108109e-05
2025-10-15,2025-10-23,CDSL.NS,0.02702702702702703,-0.014098389853192117,-0.017098389853192116,8.108108108108109e-05
2025-10-15,2025-10-23,HUDCO.NS,0.02702702702702703,-0.003481278831486856,-0.006481278831486856,8.108108108108109e-05
2025-10-15,2025-10-23,IRB.NS,0.02702702702702703,0.021326983966886814,0.018326983966886815,8.108108108108109e-05
2025-10-15,2025-10-23,KAYNES.NS,0.02702702702702703,-0.051830985915492955,-0.05483098591549296,8.108108108108109e-05
2025-10-15,2025-10-23,LAURUSLABS.NS,0.02702702702702703,0.07525650276220452,0.07225650276220452,8.108108108108109e-05
2025-10-15,2025-10-23,NAM-INDIA.NS,0.02702702702702703,0.040055008013741844,0.03705500801374184,8.108108108108109e-05
2025-10-15,2025-10-23,HDFCAMC.NS,0.02702702702702703,-0.030049233447979717,-0.03304923344797972,8.108108108108109e-05
2025-10-23,2025-10-30,^NSEI,0.02702702702702703,-0.0027491249001884155,-0.0057491249001884156,8.108108108108109e-05
2025-10-23,2025-10-30,ICICIBANK.NS,0.02702702702702703,-0.008113416354074032,-0.011113416354074031,8.108108108108109e-05
2025-10-23,2025-10-30,INDUSINDBK.NS,0.02702702702702703,0.05395084569901276,0.05095084569901276,8.108108108108109e-05
2025-10-23,2025-10-30,TECHM.NS,0.02702702702702703,-0.021564024811944416,-0.024564024811944415,8.108108108108109e-05
2025-10-23,2025-10-30,BRITANNIA.NS,0.02702702702702703,-0.03131175530603403,-0.03431175530603403,8.108108108108109e-05
2025-10-23,2025-10-30,EICHERMOT.NS,0.02702702702702703,0.005076908771445288,0.0020769087714452876,8.108108108108109e-05
2025-10-23,2025-10-30,TATACONSUM.NS,0.02702702702702703,0.006619030748790999,0.0036190307487909993,8.108108108108109e-05
2025-10-23,2025-10-30,HEROMOTOCO.NS,0.02702702702702703,-0.017898399826096867,-0.020898399826096866,8.108108108108109e-05
2025-10-23,2025-10-30,BANKBARODA.NS,0.02702702702702703,0.025852357869404985,0.022852357869404986,8.108108108108109e-05
2025-10-23,2025-10-30,CANBK.NS,0.02702702702702703,0.03865615427730007,0.03565615427730007,8.108108108108109e-05
2025-10-23,2025-10-30,TVSMOTOR.NS,0.02702702702702703,-0.02753057028031447,-0.03053057028031447,8.108108108108109e-05
2025-10-23,2025-10-30,AUBANK.NS,0.02702702702702703,0.007167443633972592,0.004167443633972592,8.108108108108109e-05
2025-10-23,2025-10-30,RBLBANK.NS,0.02702702702702703,0.02060402387470539,0.01760402387470539,8.108108108108109e-05
2025-10-23,2025-10-30,COFORGE.NS,0.02702702702702703,0.02544599205777609,0.02244599205777609,8.108108108108109e-05
2025-10-23,2025-10-30,ZENSARTECH.NS,0.02702702702702703,0.006094519700678314,0.0030945197006783135,8.108108108108109e-05
2025-10-23,2025-10-30,TATAELXSI.NS,0.02702702702702703,0.007273373092673285,0.004273373092673285,8.108108108108109e-05
2025-10-23,2025-10-30,HINDPETRO.NS,0.02702702702702703,0.07724931501403232,0.07424931501403231,8.108108108108109e-05
2025-10-23,2025-10-30,CHENNPETRO.NS,0.02702702702702703,0.17668719781708964,0.17368719781708963,8.108108108108109e-05
2025-10-23,2025-10-30,SJVN.NS,0.02702702702702703,-0.014948587141575431,-0.01794858714157543,8.108108108108109e-05
2025-10-23,2025-10-30,NYKAA.NS,0.02702702702702703,0.007477346913995486,0.004477346913995486,8.108108108108109e-05
2025-10-23,2025-10-30,PAYTM.NS,0.02702702702702703,0.022429944570190763,0.019429944570190764,8.108108108108109e-05
2025-10-23,2025-10-30,DELHIVERY.NS,0.02702702702702703,0.004855367814437628,0.0018553678144376277,8.108108108108109e-05
2025-10-23,2025-10-30,SKFINDIA.NS,0.02702702702702703,-0.011114134774512952,-0.01411413477451295,8.108108108108109e-05
2025-10-23,2025-10-30,DIXON.NS,0.02702702702702703,0.004152028106036321,0.0011520281060363206,8.108108108108109e-05
2025-10-23,2025-10-30,MAHABANK.NS,0.02702702702702703,-0.019772084947684454,-0.022772084947684453,8.108108108108109e-05
2025-10-23,2025-10-30,J&KBANK.NS,0.02702702702702703,-0.015250133677575994,-0.018250133677575994,8.108108108108109e-05
2025-10-23,2025-10-30,KARURVYSYA.NS,0.02702702702702703,0.0012244751640284601,-0.00177552483597154,8.108108108108109e-05
2025-10-23,2025-10-30,SOUTHBANK.NS,0.02702702702702703,-0.018133982639401913,-0.021133982639401912,8.108108108108109e-05
2025-10-23,2025-10-30,POONAWALLA.NS,0.02702702702702703,-0.015547188469199003,-0.018547188469199002,8.108108108108109e-05
2025-10-23,2025-10-30,LTF.NS,0.02702702702702703,0.013909753464844243,0.010909753464844244,8.108108108108109e-05
2025-10-23,2025-10-30,MANAPPURAM.NS,0.02702702702702703,-0.05992913132681188,-0.06292913132681188,8.108108108108109e-05
2025-10-23,2025-10-30,LAURUSLABS.NS,0.02702702702702703,0.030435988745436404,0.027435988745436405,8.108108108108109e-05
2025-10-23,2025-10-30,NATCOPHARM.NS,0.02702702702702703,-0.006258996640624459,-0.009258996640624458,8.108108108108109e-05
2025-10-23,2025-10-30,NAM-INDIA.NS,0.02702702702702703,-0.07887374824477367,-0.08187374824477367,8.108108108108109e-05
2025-10-23,2025-10-30,HDFCAMC.NS,0.02702702702702703,-0.04032759790636975,-0.04332759790636975,8.108108108108109e-05
2025-10-23,2025-10-30,RADICO.NS,0.02702702702702703,-0.043118839292935696,-0.0461188392929357,8.108108108108109e-05
2025-10-23,2025-10-30,KEI.NS,0.02702702702702703,0.002317868722269578,-0.0006821312777304219,8.108108108108109e-05
2025-10-30,2025-11-07,RELIANCE.NS,0.02702702702702703,-0.008387064260560462,-0.011387064260560461,8.108108108108109e-05
2025-10-30,2025-11-07,INFY.NS,0.02702702702702703,6.706914384269069e-05,-0.0029329308561573094,8.108108108108109e-05
2025-10-30,2025-11-07,BAJFINANCE.NS,0.02702702702702703,0.013878200701725518,0.010878200701725519,8.108108108108109e-05
2025-10-30,2025-11-07,AXISBANK.NS,0.02702702702702703,-0.01689458514154174,-0.01989458514154174,8.108108108108109e-05
2025-10-30,2025-11-07,KOTAKBANK.NS,0.02702702702702703,-0.030695425178776214,-0.03369542517877622,8.108108108108109e-05
2025-10-30,2025-11-07,ADANIENT.NS,0.02702702702702703,-0.08944882599278636,-0.09244882599278637,8.108108108108109e-05
2025-10-30,2025-11-07,BAJAJFINSV.NS,0.02702702702702703,-0.00014189365134276155,-0.0031418936513427616,8.108108108108109e-05
2025-10-30,2025-11-07,ONGC.NS,0.02702702702702703,-0.010600697195153885,-0.013600697195153885,8.108108108108109e-05
2025-10-30,2025-11-07,APOLLOHOSP.NS,0.02702702702702703,-0.025724477495563836,-0.028724477495563835,8.108108108108109e-05
2025-10-30,2025-11-07,HEROMOTOCO.NS,0.02702702702702703,-0.03708412833660202,-0.04008412833660202,8.108108108108109e-05
2025-10-30,2025-11-07,YESBANK.NS,0.02702702702702703,0.028289140000757218,0.02528914000075722,8.108108108108109e-05
2025-10-30,2025-11-07,IDEA.NS,0.02702702702702703,0.10194735280533207,0.09894735280533207,8.108108108108109e-05
2025-10-30,2025-11-07,BANDHANBNK.NS,0.02702702702702703,-0.05917123051253492,-0.062171230512534925,8.108108108108109e-05
2025-10-30,2025-11-07,DLF.NS,0.02702702702702703,0.003236460462650914,0.00023646046265091408,8.108108108108109e-05
2025-10-30,2025-11-07,GAIL.NS,0.02702702702702703,-0.020666354899953165,-0.023666354899953165,8.108108108108109e-05
2025-10-30,2025-11-07,PETRONET.NS,0.02702702702702703,-0.02179682317736298,-0.024796823177362978,8.108108108108109e-05
2025-10-30,2025-11-07,TATAPOWER.NS,0.02702702702702703,-0.04003906705104998,-0.043039067051049984,8.108108108108109e-05
2025-10-30,2025-11-07,MRF.NS,0.02702702702702703,0.0031446891464854687,0.00014468914648546865,8.108108108108109e-05
2025-10-30,2025-11-07,NYKAA.NS,0.02702702702702703,-0.011640608310699463,-0.014640608310699462,8.108108108108109e-05
2025-10-30,2025-11-07,PAYTM.NS,0.02702702702702703,0.020719035771026295,0.017719035771026296,8.108108108108109e-05
2025-10-30,2025-11-07,DELHIVERY.NS,0.02702702702702703,-0.09674367183396793,-0.09974367183396793,8.108108108108109e-05
2025-10-30,2025-11-07,INDIAMART.NS,0.02702702702702703,-0.0058167392898271775,-0.008816739289827177,8.108108108108109e-05
2025-10-30,2025-11-07,SKFINDIA.NS,0.02702702702702703,-0.04187008790645952,-0.04487008790645952,8.108108108108109e-05
2025-10-30,2025-11-07,PHOENIXLTD.NS,0.02702702702702703,0.044662264946590424,0.04166226494659042,8.108108108108109e-05
2025-10-30,2025-11-07,PRESTIGE.NS,0.02702702702702703,-0.006379208300450245,-0.009379208300450245,8.108108108108109e-05
2025-10-30,2025-11-07,UNIONBANK.NS,0.02702702702702703,0.07475395191808132,0.07175395191808132,8.108108108108109e-05
2025-10-30,2025-11-07,MAHABANK.NS,0.02702702702702703,0.020683741516682064,0.017683741516682065,8.108108108108109e-05
2025-10-30,2025-11-07,J&KBANK.NS,0.02702702702702703,-0.0022662687470395015,-0.005266268747039502,8.108108108108109e-05
2025-10-30,2025-11-07,POONAWALLA.NS,0.02702702702702703,-0.04293969458103186,-0.045939694581031865,8.108108108108109e-05
2025-10-30,2025-11-07,LTF.NS,0.02702702702702703,0.12717829022879257,0.12417829022879256,8.108108108108109e-05
2025-10-30,2025-11-07,MANAPPURAM.NS,0.02702702702702703,0.026391996578535526,0.023391996578535527,8.108108108108109e-05
2025-10-30,2025-11-07,MCX.NS,0.02702702702702703,0.027262769707072865,0.024262769707072866,8.108108108108109e-05
2025-10-30,2025-11-07,BSE.NS,0.02702702702702703,0.10065472598528968,0.09765472598528968,8.108108108108109e-05
2025-10-30,2025-11-07,CDSL.NS,0.02702702702702703,-0.020817787874708116,-0.023817787874708115,8.108108108108109e-05
2025-10-30,2025-11-07,NAM-INDIA.NS,0.02702702702702703,-0.012631285167843953,-0.015631285167843952,8.108108108108109e-05
2025-10-30,2025-11-07,HDFCAMC.NS,0.02702702702702703,0.007884947317647217,0.004884947317647217,8.108108108108109e-05
2025-10-30,2025-11-07,RADICO.NS,0.02702702702702703,0.05300088954859161,0.05000088954859161,8.108108108108109e-05
2025-11-07,2025-11-14,SBIN.NS,0.02702702702702703,0.015690381406932907,0.012690381406932908,8.108108108108109e-05
2025-11-07,2025-11-14,BAJFINANCE.NS,0.02702702702702703,-0.042752586901895984,-0.045752586901895986,8.108108108108109e-05
2025-11-07,2025-11-14,MARUTI.NS,0.02702702702702703,0.020091003937414253,0.017091003937414254,8.108108108108109e-05
2025-11-07,2025-11-14,HINDALCO.NS,0.02702702702702703,0.011363585475850924,0.008363585475850924,8.108108108108109e-05
2025-11-07,2025-11-14,HEROMOTOCO.NS,0.02702702702702703,0.052542378740788154,0.04954237874078815,8.108108108108109e-05
2025-11-07,2025-11-14,BANKBARODA.NS,0.02702702702702703,-0.00017297535926874552,-0.0031729753592687456,8.108108108108109e-05
2025-11-07,2025-11-14,CANBK.NS,0.02702702702702703,0.03787617138213406,0.03487617138213406,8.108108108108109e-05
2025-11-07,2025-11-14,CHOLAFIN.NS,0.02702702702702703,0.004193771548683722,0.0011937715486837223,8.108108108108109e-05
2025-11-07,2025-11-14,TVSMOTOR.NS,0.02702702702702703,-0.012633660988621176,-0.015633660988621175,8.108108108108109e-05
2025-11-07,2025-11-14,POLYCAB.NS,0.02702702702702703,0.00925928276588106,0.0062592827658810605,8.108108108108109e-05
2025-11-07,2025-11-14,AUBANK.NS,0.02702702702702703,-0.013393635140840243,-0.016393635140840242,8.108108108108109e-05
2025-11-07,2025-11-14,RBLBANK.NS,0.02702702702702703,-0.024019412888058755,-0.027019412888058755,8.108108108108109e-05
2025-11-07,2025-11-14,ABCAPITAL.NS,0.02702702702702703,-0.018884609063873903,-0.021884609063873902,8.108108108108109e-05
2025-11-07,2025-11-14,MFSL.NS,0.02702702702702703,0.0387053260470227,0.0357053260470227,8.108108108108109e-05
2025-11-07,2025-11-14,HINDPETRO.NS,0.02702702702702703,0.007194240608719538,0.004194240608719538,8.108108108108109e-05
2025-11-07,2025-11-14,IOC.NS,0.02702702702702703,0.011942855007460063,0.008942855007460063,8.108108108108109e-05
2025-11-07,2025-11-14,CESC.NS,0.02702702702702703,-0.0019381748470836957,-0.004938174847083696,8.108108108108109e-05
2025-11-07,2025-11-14,NATIONALUM.NS,0.02702702702702703,0.10498529615319807,0.10198529615319807,8.108108108108109e-05
2025-11-07,2025-11-14,ASHOKLEY.NS,0.02702702702702703,0.05430174150713496,0.05130174150713496,8.108108108108109e-05
2025-11-07,2025-11-14,NYKAA.NS,0.02702702702702703,0.030550927187619203,0.027550927187619204,8.108108108108109e-05
2025-11-07,2025-11-14,PAYTM.NS,0.02702702702702703,-0.025298525682136197,-0.028298525682136196,8.108108108108109e-05
2025-11-07,2025-11-14,DELHIVERY.NS,0.02702702702702703,0.016746090208240583,0.013746090208240584,8.108108108108109e-05
2025-11-07,2025-11-14,DIXON.NS,0.02702702702702703,0.04336134453781515,0.04036134453781515,8.108108108108109e-05
2025-11-07,2025-11-14,AMBER.NS,0.02702702702702703,0.027289098213048923,0.024289098213048924,8.108108108108109e-05
2025-11-07,2025-11-14,PRESTIGE.NS,0.02702702702702703,0.010203507066076867,0.007203507066076867,8.108108108108109e-05
2025-11-07,2025-11-14,KARURVYSYA.NS,0.02702702702702703,0.003532494125361607,0.0005324941253616071,8.108108108108109e-05
2025-11-07,2025-11-14,SOUTHBANK.NS,0.02702702702702703,-0.031043150875756376,-0.03404315087575638,8.108108108108109e-05
2025-11-07,2025-11-14,POONAWALLA.NS,0.02702702702702703,0.0073338952798140955,0.0043338952798140954,8.108108108108109e-05
2025-11-07,2025-11-14,LTF.NS,0.02702702702702703,-0.029440819863918777,-0.03244081986391878,8.108108108108109e-05
2025-11-07,2025-11-14,MANAPPURAM.NS,0.02702702702702703,0.03424152627810195,0.031241526278101953,8.108108108108109e-05
2025-11-07,2025-11-14,MCX.NS,0.02702702702702703,0.03163485805007271,0.028634858050072712,8.108108108108109e-05
2025-11-07,2025-11-14,HUDCO.NS,0.02702702702702703,-0.009956769881323546,-0.012956769881323545,8.108108108108109e-05
2025-11-07,2025-11-14,KAYNES.NS,0.02702702702702703,0.019437751004016013,0.016437751004016014,8.108108108108109e-05
2025-11-07,2025-11-14,LAURUSLABS.NS,0.02702702702702703,0.01629440107400737,0.01329440107400737,8.108108108108109e-05
2025-11-07,2025-11-14,NAM-INDIA.NS,0.02702702702702703,0.01414317536019194,0.01114317536019194,8.108108108108109e-05
2025-11-07,2025-11-14,HDFCAMC.NS,0.02702702702702703,0.0010124682221490655,-0.0019875317778509346,8.108108108108109e-05
2025-11-07,2025-11-14,RADICO.NS,0.02702702702702703,-0.01097738625700373,-0.013977386257003729,8.108108108108109e-05
2025-11-14,2025-11-21,^NSEI,0.02702702702702703,0.0067288508550464865,0.0037288508550464864,8.108108108108109e-05
2025-11-14,2025-11-21,RELIANCE.NS,0.02702702702702703,0.0191333552700248,0.0161333552700248,8.108108108108109e-05
2025-11-14,2025-11-21,BHARTIARTL.NS,0.02702702702702703,0.023721667476536812,0.020721667476536813,8.108108108108109e-05
2025-11-14,2025-11-21,HINDALCO.NS,0.02702702702702703,-0.022659159741334034,-0.025659159741334033,8.108108108108109e-05
2025-11-14,2025-11-21,ADANIPORTS.NS,0.02702702702702703,-0.024293915817008127,-0.027293915817008126,8.108108108108109e-05
2025-11-14,2025-11-21,ONGC.NS,0.02702702702702703,-0.002625268254409674,-0.005625268254409674,8.108108108108109e-05
2025-11-14,2025-11-21,BRITANNIA.NS,0.02702702702702703,0.0019815421882538597,-0.0010184578117461403,8.108108108108109e-05
2025-11-14,2025-11-21,EICHERMOT.NS,0.02702702702702703,0.06263005077297312,0.05963005077297312,8.108108108108109e-05
2025-11-14,2025-11-21,BPCL.NS,0.02702702702702703,-0.02160500252554387,-0.02460500252554387,8.108108108108109e-05
2025-11-14,2025-11-21,GAIL.NS,0.02702702702702703,-0.004319245323224585,-0.007319245323224585,8.108108108108109e-05
2025-11-14,2025-11-21,TATACOMM.NS,0.02702702702702703,0.02429306263563813,0.02129306263563813,8.108108108108109e-05
2025-11-14,2025-11-21,LUPIN.NS,0.02702702702702703,-0.030941226590518234,-0.033941226590518236,8.108108108108109e-05
2025-11-14,2025-11-21,AUBANK.NS,0.02702702702702703,0.02273741005030705,0.01973741005030705,8.108108108108109e-05
2025-11-14,2025-11-21,IDFCFIRSTB.NS,0.02702702702702703,-0.03308225691323574,-0.036082256913235744,8.108108108108109e-05
2025-11-14,2025-11-21,RBLBANK.NS,0.02702702702702703,-0.027725816400690162,-0.03072581640069016,8.108108108108109e-05
2025-11-14,2025-11-21,MFSL.NS,0.02702702702702703,-0.010781961594712675,-0.013781961594712674,8.108108108108109e-05
2025-11-14,2025-11-21,OIL.NS,0.02702702702702703,-0.017866124269930173,-0.020866124269930172,8.108108108108109e-05
2025-11-14,2025-11-21,HINDPETRO.NS,0.02702702702702703,-0.02298137871835848,-0.02598137871835848,8.108108108108109e-05
2025-11-14,2025-11-21,IOC.NS,0.02702702702702703,-0.024304803788533502,-0.0273048037885335,8.108108108108109e-05
2025-11-14,2025-11-21,MRPL.NS,0.02702702702702703,-0.005924025794670884,-0.008924025794670883,8.108108108108109e-05
2025-11-14,2025-11-21,CHENNPETRO.NS,0.02702702702702703,-0.01395572676831458,-0.01695572676831458,8.108108108108109e-05
2025-11-14,2025-11-21,PETRONET.NS,0.02702702702702703,0.0036495507401428373,0.0006495507401428373,8.108108108108109e-05
2025-11-14,2025-11-21,JINDALSTEL.NS,0.02702702702702703,-0.03720146131773383,-0.04020146131773383,8.108108108108109e-05
2025-11-14,2025-11-21,SAIL.NS,0.02702702702702703,-0.05633802816901412,-0.05933802816901412,8.108108108108109e-05
2025-11-14,2025-11-21,NATIONALUM.NS,0.02702702702702703,-0.04510468280361757,-0.04810468280361757,8.108108108108109e-05
2025-11-14,2025-11-21,ASHOKLEY.NS,0.02702702702702703,-0.024869336509699247,-0.027869336509699246,8.108108108108109e-05
2025-11-14,2025-11-21,PAYTM.NS,0.02702702702702703,-0.024117602472099153,-0.027117602472099153,8.108108108108109e-05
2025-11-14,2025-11-21,HINDZINC.NS,0.02702702702702703,-0.058835654748500055,-0.06183565474850006,8.108108108108109e-05
2025-11-14,2025-11-21,GLENMARK.NS,0.02702702702702703,-0.00587569390321574,-0.008875693903215739,8.108108108108109e-05
2025-11-14,2025-11-21,ALKEM.NS,0.02702702702702703,-0.001826149888144224,-0.004826149888144224,8.108108108108109e-05
2025-11-14,2025-11-21,PRESTIGE.NS,0.02702702702702703,-0.03569197534555302,-0.03869197534555302,8.108108108108109e-05
2025-11-14,2025-11-21,UNIONBANK.NS,0.02702702702702703,-0.018211346837671005,-0.021211346837671004,8.108108108108109e-05
2025-11-14,2025-11-21,KARURVYSYA.NS,0.02702702702702703,-0.01168001811625674,-0.01468001811625674,8.108108108108109e-05
2025-11-14,2025-11-21,SOUTHBANK.NS,0.02702702702702703,0.008403275733134041,0.005403275733134041,8.108108108108109e-05
2025-11-14,2025-11-21,LTF.NS,0.02702702702702703,-0.021521637775055558,-0.024521637775055557,8.108108108108109e-05
2025-11-14,2025-11-21,CDSL.NS,0.02702702702702703,-0.011535172595071641,-0.01453517259507164,8.108108108108109e-05
2025-11-14,2025-11-21,LAURUSLABS.NS,0.02702702702702703,-0.02202687924519986,-0.02502687924519986,8.108108108108109e-05
2025-11-21,2025-11-28,RELIANCE.NS,0.02702702702702703,0.016129080662705908,0.013129080662705909,8.108108108108109e-05
2025-11-21,2025-11-28,BAJFINANCE.NS,0.02702702702702703,0.03671642498922778,0.03371642498922778,8.108108108108109e-05
2025-11-21,2025-11-28,BPCL.NS,0.02702702702702703,-0.008366381019878077,-0.011366381019878077,8.108108108108109e-05
2025-11-21,2025-11-28,IDEA.NS,0.02702702702702703,-0.004975143262281545,-0.007975143262281544,8.108108108108109e-05
2025-11-21,2025-11-28,GAIL.NS,0.02702702702702703,-0.028059997262241954,-0.031059997262241953,8.108108108108109e-05
2025-11-21,2025-11-28,PNB.NS,0.02702702702702703,0.017005662970870583,0.014005662970870584,8.108108108108109e-05
2025-11-21,2025-11-28,BANKBARODA.NS,0.02702702702702703,0.020587814456480835,0.017587814456480836,8.108108108108109e-05
2025-11-21,2025-11-28,CANBK.NS,0.02702702702702703,0.041095848034181426,0.03809584803418142,8.108108108108109e-05
2025-11-21,2025-11-28,AUBANK.NS,0.02702702702702703,0.043753793005312014,0.04075379300531201,8.108108108108109e-05
2025-11-21,2025-11-28,IDFCFIRSTB.NS,0.02702702702702703,0.027575583545040416,0.024575583545040417,8.108108108108109e-05
2025-11-21,2025-11-28,RBLBANK.NS,0.02702702702702703,0.003684619843169923,0.0006846198431699228,8.108108108108109e-05
2025-11-21,2025-11-28,ABCAPITAL.NS,0.02702702702702703,0.09933980257895803,0.09633980257895802,8.108108108108109e-05
2025-11-21,2025-11-28,MFSL.NS,0.02702702702702703,0.023835145283259696,0.020835145283259696,8.108108108108109e-05
2025-11-21,2025-11-28,COFORGE.NS,0.02702702702702703,0.06492781678454285,0.061927816784542844,8.108108108108109e-05
2025-11-21,2025-11-28,OIL.NS,0.02702702702702703,-0.029363442293557362,-0.032363442293557365,8.108108108108109e-05
2025-11-21,2025-11-28,HINDPETRO.NS,0.02702702702702703,-0.029455348649135904,-0.03245534864913591,8.108108108108109e-05
2025-11-21,2025-11-28,IOC.NS,0.02702702702702703,-0.029760546104354968,-0.03276054610435497,8.108108108108109e-05
2025-11-21,2025-11-28,MRPL.NS,0.02702702702702703,-0.0698761496867999,-0.0728761496867999,8.108108108108109e-05
2025-11-21,2025-11-28,CHENNPETRO.NS,0.02702702702702703,-0.10297701591332686,-0.10597701591332687,8.108108108108109e-05
2025-11-21,2025-11-28,PETRONET.NS,0.02702702702702703,-0.010727221064614878,-0.013727221064614877,8.108108108108109e-05
2025-11-21,2025-11-28,NATIONALUM.NS,0.02702702702702703,0.053618424049490354,0.05061842404949035,8.108108108108109e-05
2025-11-21,2025-11-28,PAYTM.NS,0.02702702702702703,0.04738743572178117,0.044387435721781165,8.108108108108109e-05
2025-11-21,2025-11-28,DELHIVERY.NS,0.02702702702702703,0.01997609115673593,0.016976091156735932,8.108108108108109e-05
2025-11-21,2025-11-28,CARBORUNIV.NS,0.02702702702702703,0.04277459284904994,0.03977459284904994,8.108108108108109e-05
2025-11-21,2025-11-28,SKFINDIA.NS,0.02702702702702703,-0.02193539312535675,-0.02493539312535675,8.108108108108109e-05
2025-11-21,2025-11-28,UNIONBANK.NS,0.02702702702702703,0.020205406219450328,0.01720540621945033,8.108108108108109e-05
2025-11-21,2025-11-28,MAHABANK.NS,0.02702702702702703,0.0018739875639892656,-0.0011260124360107345,8.108108108108109e-05
2025-11-21,2025-11-28,KARURVYSYA.NS,0.02702702702702703,0.003723512280793928,0.000723512280793928,8.108108108108109e-05
2025-11-21,2025-11-28,SOUTHBANK.NS,0.02702702702702703,0.035156213263618064,0.03215621326361806,8.108108108108109e-05
2025-11-21,2025-11-28,LTF.NS,0.02702702702702703,0.08676814805554356,0.08376814805554356,8.108108108108109e-05
2025-11-21,2025-11-28,MANAPPURAM.NS,0.02702702702702703,0.03267142042235949,0.029671420422359488,8.108108108108109e-05
2025-11-21,2025-11-28,MCX.NS,0.02702702702702703,0.05040933915737722,0.04740933915737722,8.108108108108109e-05
2025-11-21,2025-11-28,KEC.NS,0.02702702702702703,-0.024113500335163462,-0.02711350033516346,8.108108108108109e-05
2025-11-21,2025-11-28,RAYMOND.NS,0.02702702702702703,-0.026222894604135183,-0.029222894604135182,8.108108108108109e-05
2025-11-21,2025-11-28,KAYNES.NS,0.02702702702702703,-0.0661016949152542,-0.0691016949152542,8.108108108108109e-05
2025-11-21,2025-11-28,LAURUSLABS.NS,0.02702702702702703,0.05720131164556297,0.054201311645562966,8.108108108108109e-05
2025-11-21,2025-11-28,NAM-INDIA.NS,0.02702702702702703,-0.0028469960424206686,-0.005846996042420669,8.108108108108109e-05
2025-11-28,2025-12-05,^NSEI,0.02702702702702703,-0.006305601162120422,-0.009305601162120421,8.108108108108109e-05
2025-11-28,2025-12-05,BAJFINANCE.NS,0.02702702702702703,0.005854697449233948,0.0028546974492339476,8.108108108108109e-05
2025-11-28,2025-12-05,M&M.NS,0.02702702702702703,-0.018469642159252397,-0.021469642159252397,8.108108108108109e-05
2025-11-28,2025-12-05,EICHERMOT.NS,0.02702702702702703,0.023861728934620796,0.020861728934620797,8.108108108108109e-05
2025-11-28,2025-12-05,BPCL.NS,0.02702702702702703,0.004149322855885096,0.0011493228558850958,8.108108108108109e-05
2025-11-28,2025-12-05,HEROMOTOCO.NS,0.02702702702702703,0.01284105716543893,0.00984105716543893,8.108108108108109e-05
2025-11-28,2025-12-05,IDEA.NS,0.02702702702702703,0.07600002288818364,0.07300002288818364,8.108108108108109e-05
2025-11-28,2025-12-05,PNB.NS,0.02702702702702703,-0.026722104307893124,-0.029722104307893123,8.108108108108109e-05
2025-11-28,2025-12-05,BANKBARODA.NS,0.02702702702702703,0.003793155701536932,0.0007931557015369321,8.108108108108109e-05
2025-11-28,2025-12-05,CANBK.NS,0.02702702702702703,-0.023026234123427414,-0.026026234123427413,8.108108108108109e-05
2025-11-28,2025-12-05,TVSMOTOR.NS,0.02702702702702703,0.03383097843940153,0.030830978439401528,8.108108108108109e-05
2025-11-28,2025-12-05,AUBANK.NS,0.02702702702702703,0.007797767623683338,0.004797767623683338,8.108108108108109e-05
2025-11-28,2025-12-05,IDFCFIRSTB.NS,0.02702702702702703,0.004348305862451385,0.0013483058624513848,8.108108108108109e-05
2025-11-28,2025-12-05,RBLBANK.NS,0.02702702702702703,-0.020909733223383853,-0.023909733223383852,8.108108108108109e-05
2025-11-28,2025-12-05,ABCAPITAL.NS,0.02702702702702703,0.0019553413604225245,-0.0010446586395774756,8.108108108108109e-05
2025-11-28,2025-12-05,MFSL.NS,0.02702702702702703,-0.005615334419180273,-0.008615334419180273,8.108108108108109e-05
2025-11-28,2025-12-05,HINDPETRO.NS,0.02702702702702703,-0.01353719693426858,-0.01653719693426858,8.108108108108109e-05
2025-11-28,2025-12-05,MRPL.NS,0.02702702702702703,-0.03517581185330476,-0.038175811853304764,8.108108108108109e-05
2025-11-28,2025-12-05,CHENNPETRO.NS,0.02702702702702703,0.014689841594948128,0.011689841594948128,8.108108108108109e-05
2025-11-28,2025-12-05,NATIONALUM.NS,0.02702702702702703,0.03710702305815983,0.034107023058159824,8.108108108108109e-05
2025-11-28,2025-12-05,ASHOKLEY.NS,0.02702702702702703,0.016681385697473683,0.013681385697473684,8.108108108108109e-05
2025-11-28,2025-12-05,DEEPAKNTR.NS,0.02702702702702703,0.005814996685918006,0.0028149966859180057,8.108108108108109e-05
2025-11-28,2025-12-05,DELHIVERY.NS,0.02702702702702703,-0.052421732810035815,-0.05542173281003582,8.108108108108109e-05
2025-11-28,2025-12-05,GLENMARK.NS,0.02702702702702703,0.00994871582059531,0.006948715820595311,8.108108108108109e-05
2025-11-28,2025-12-05,UNIONBANK.NS,0.02702702702702703,-0.004545445922104374,-0.007545445922104374,8.108108108108109e-05
2025-11-28,2025-12-05,KARURVYSYA.NS,0.02702702702702703,0.005604804323963375,0.002604804323963375,8.108108108108109e-05
2025-11-28,2025-12-05,SOUTHBANK.NS,0.02702702702702703,0.005031480882160544,0.002031480882160544,8.108108108108109e-05
2025-11-28,2025-12-05,POONAWALLA.NS,0.02702702702702703,-0.025960539979231534,-0.028960539979231533,8.108108108108109e-05
2025-11-28,2025-12-05,LTF.NS,0.02702702702702703,-0.007808728385081731,-0.01080872838508173,8.108108108108109e-05
2025-11-28,2025-12-05,M&MFIN.NS,0.02702702702702703,-0.022376104378782014,-0.025376104378782013,8.108108108108109e-05
2025-11-28,2025-12-05,MANAPPURAM.NS,0.02702702702702703,-0.022198708072031503,-0.025198708072031503,8.108108108108109e-05
2025-11-28,2025-12-05,MCX.NS,0.02702702702702703,0.018529427901951,0.015529427901951002,8.108108108108109e-05
2025-11-28,2025-12-05,BSE.NS,0.02702702702702703,-0.033915722655453284,-0.03691572265545329,8.108108108108109e-05
2025-11-28,2025-12-05,KAYNES.NS,0.02702702702702703,-0.1997277676950998,-0.20272776769509981,8.108108108108109e-05
2025-11-28,2025-12-05,LAURUSLABS.NS,0.02702702702702703,-0.00869572832406984,-0.01169572832406984,8.108108108108109e-05
2025-11-28,2025-12-05,NAM-INDIA.NS,0.02702702702702703,-0.07497717044902164,-0.07797717044902164,8.108108108108109e-05
2025-11-28,2025-12-05,RADICO.NS,0.02702702702702703,0.00373031698612869,0.0007303169861286899,8.108108108108109e-05
2025-12-05,2025-12-12,BAJFINANCE.NS,0.02702702702702703,-0.03148857170075581,-0.03448857170075581,8.108108108108109e-05
2025-12-05,2025-12-12,MARUTI.NS,0.02702702702702703,0.018518485057059886,0.015518485057059887,8.108108108108109e-05
2025-12-05,2025-12-12,M&M.NS,0.02702702702702703,-0.02365592648833259,-0.02665592648833259,8.108108108108109e-05
2025-12-05,2025-12-12,EICHERMOT.NS,0.02702702702702703,-0.004149384176954651,-0.007149384176954651,8.108108108108109e-05
2025-12-05,2025-12-12,YESBANK.NS,0.02702702702702703,-0.033583665475816926,-0.03658366547581693,8.108108108108109e-05
2025-12-05,2025-12-12,IDEA.NS,0.02702702702702703,0.1013011272678348,0.0983011272678348,8.108108108108109e-05
2025-12-05,2025-12-12,BANDHANBNK.NS,0.02702702702702703,0.06325320505241239,0.060253205052412384,8.108108108108109e-05
2025-12-05,2025-12-12,BANKBARODA.NS,0.02702702702702703,-0.025420868282299502,-0.0284208682822995,8.108108108108109e-05
2025-12-05,2025-12-12,CANBK.NS,0.02702702702702703,-0.0160942719918733,-0.019094271991873298,8.108108108108109e-05
2025-12-05,2025-12-12,TVSMOTOR.NS,0.02702702702702703,-0.004959012487417702,-0.007959012487417701,8.108108108108109e-05
2025-12-05,2025-12-12,AUBANK.NS,0.02702702702702703,0.0022329936449481114,-0.0007670063550518887,8.108108108108109e-05
2025-12-05,2025-12-12,IDFCFIRSTB.NS,0.02702702702702703,0.016699696030658018,0.013699696030658019,8.108108108108109e-05
2025-12-05,2025-12-12,FEDERALBNK.NS,0.02702702702702703,0.010802447612161092,0.007802447612161092,8.108108108108109e-05
2025-12-05,2025-12-12,RBLBANK.NS,0.02702702702702703,0.002934428565390279,-6.557143460972099e-05,8.108108108108109e-05
2025-12-05,2025-12-12,MFSL.NS,0.02702702702702703,0.014647073184742565,0.011647073184742566,8.108108108108109e-05
2025-12-05,2025-12-12,ZENSARTECH.NS,0.02702702702702703,-0.012229589772996596,-0.015229589772996596,8.108108108108109e-05
2025-12-05,2025-12-12,SJVN.NS,0.02702702702702703,-0.01695834957432396,-0.01995834957432396,8.108108108108109e-05
2025-12-05,2025-12-12,VEDL.NS,0.02702702702702703,0.03175666060291027,0.02875666060291027,8.108108108108109e-05
2025-12-05,2025-12-12,ASHOKLEY.NS,0.02702702702702703,0.018023692436178962,0.015023692436178963,8.108108108108109e-05
2025-12-05,2025-12-12,ESCORTS.NS,0.02702702702702703,-0.01506369983297473,-0.01806369983297473,8.108108108108109e-05
2025-12-05,2025-12-12,APOLLOTYRE.NS,0.02702702702702703,-0.02681035454815739,-0.029810354548157388,8.108108108108109e-05
2025-12-05,2025-12-12,NYKAA.NS,0.02702702702702703,-0.015240304765548274,-0.018240304765548273,8.108108108108109e-05
2025-12-05,2025-12-12,PAYTM.NS,0.02702702702702703,-0.026925953627524257,-0.029925953627524256,8.108108108108109e-05
2025-12-05,2025-12-12,DELHIVERY.NS,0.02702702702702703,0.027103990611463402,0.024103990611463403,8.108108108108109e-05
2025-12-05,2025-12-12,AMBER.NS,0.02702702702702703,0.030952380952380842,0.027952380952380843,8.108108108108109e-05
2025-12-05,2025-12-12,GLENMARK.NS,0.02702702702702703,0.0028434751619088594,-0.00015652483809114066,8.108108108108109e-05
2025-12-05,2025-12-12,UNIONBANK.NS,0.02702702702702703,-0.003653033600733435,-0.006653033600733435,8.108108108108109e-05
2025-12-05,2025-12-12,KARURVYSYA.NS,0.02702702702702703,-0.01615941447883018,-0.01915941447883018,8.108108108108109e-05
2025-12-05,2025-12-12,SOUTHBANK.NS,0.02702702702702703,-0.0002503313887606273,-0.0032503313887606274,8.108108108108109e-05
2025-12-05,2025-12-12,POONAWALLA.NS,0.02702702702702703,-0.04893392794676177,-0.05193392794676177,8.108108108108109e-05
2025-12-05,2025-12-12,LTF.NS,0.02702702702702703,-0.013652444313676293,-0.016652444313676292,8.108108108108109e-05
2025-12-05,2025-12-12,MANAPPURAM.NS,0.02702702702702703,0.02806551901864096,0.02506551901864096,8.108108108108109e-05
2025-12-05,2025-12-12,BSE.NS,0.02702702702702703,-0.037233984661581676,-0.04023398466158168,8.108108108108109e-05
2025-12-05,2025-12-12,KAYNES.NS,0.02702702702702703,-0.02369883206712775,-0.02669883206712775,8.108108108108109e-05
2025-12-05,2025-12-12,LAURUSLABS.NS,0.02702702702702703,-0.018615958358002338,-0.021615958358002337,8.108108108108109e-05
2025-12-05,2025-12-12,NAM-INDIA.NS,0.02702702702702703,0.06673253001824997,0.06373253001824997,8.108108108108109e-05
2025-12-05,2025-12-12,TIINDIA.NS,0.02702702702702703,-0.00412614564499636,-0.00712614564499636,8.108108108108109e-05
2025-12-12,2025-12-19,SBIN.NS,0.02702702702702703,0.024915106139586474,0.021915106139586474,8.108108108108109e-05
2025-12-12,2025-12-19,HINDUNILVR.NS,0.02702702702702703,0.00858175188251642,0.0055817518825164196,8.108108108108109e-05
2025-12-12,2025-12-19,BAJFINANCE.NS,0.02702702702702703,-0.006600966737950964,-0.009600966737950963,8.108108108108109e-05
2025-12-12,2025-12-19,M&M.NS,0.02702702702702703,-0.008810617888408645,-0.011810617888408644,8.108108108108109e-05
2025-12-12,2025-12-19,HINDALCO.NS,0.02702702702702703,0.009448893216997156,0.006448893216997156,8.108108108108109e-05
2025-12-12,2025-12-19,EICHERMOT.NS,0.02702702702702703,0.0052777853047139,0.0022777853047139,8.108108108108109e-05
2025-12-12,2025-12-19,HEROMOTOCO.NS,0.02702702702702703,-0.02458116608424865,-0.02758116608424865,8.108108108108109e-05
2025-12-12,2025-12-19,BANDHANBNK.NS,0.02702702702702703,0.006036261344922522,0.003036261344922522,8.108108108108109e-05
2025-12-12,2025-12-19,BANKBARODA.NS,0.02702702702702703,0.03101865046403174,0.02801865046403174,8.108108108108109e-05
2025-12-12,2025-12-19,CANBK.NS,0.02702702702702703,0.021832843612388908,0.01883284361238891,8.108108108108109e-05
2025-12-12,2025-12-19,TVSMOTOR.NS,0.02702702702702703,0.007037483149427537,0.004037483149427537,8.108108108108109e-05
2025-12-12,2025-12-19,PFC.NS,0.02702702702702703,-0.010610454766877053,-0.013610454766877052,8.108108108108109e-05
2025-12-12,2025-12-19,MAZDOCK.NS,0.02702702702702703,-0.014239252325045193,-0.017239252325045192,8.108108108108109e-05
2025-12-12,2025-12-19,AUBANK.NS,0.02702702702702703,0.02072537804704866,0.01772537804704866,8.108108108108109e-05
2025-12-12,2025-12-19,IDFCFIRSTB.NS,0.02702702702702703,0.03418906294470547,0.031189062944705474,8.108108108108109e-05
2025-12-12,2025-12-19,RBLBANK.NS,0.02702702702702703,-0.019830923124558697,-0.022830923124558696,8.108108108108109e-05
2025-12-12,2025-12-19,MFSL.NS,0.02702702702702703,-0.024871020816777722,-0.02787102081677772,8.108108108108109e-05
2025-12-12,2025-12-19,COFORGE.NS,0.02702702702702703,-0.0026954230057923967,-0.005695423005792397,8.108108108108109e-05
2025-12-12,2025-12-19,ZENSARTECH.NS,0.02702702702702703,0.011972829914172145,0.008972829914172146,8.108108108108109e-05
2025-12-12,2025-12-19,TATAELXSI.NS,0.02702702702702703,0.07234167203803166,0.06934167203803165,8.108108108108109e-05
2025-12-12,2025-12-19,SJVN.NS,0.02702702702702703,0.007452465913971418,0.004452465913971418,8.108108108108109e-05
2025-12-12,2025-12-19,NATIONALUM.NS,0.02702702702702703,0.011883266655417835,0.008883266655417835,8.108108108108109e-05
2025-12-12,2025-12-19,VEDL.NS,0.02702702702702703,0.0906737930469872,0.08767379304698719,8.108108108108109e-05
2025-12-12,2025-12-19,MRF.NS,0.02702702702702703,0.009046216610771207,0.006046216610771207,8.108108108108109e-05
2025-12-12,2025-12-19,NYKAA.NS,0.02702702702702703,-0.010714273604135682,-0.013714273604135682,8.108108108108109e-05
2025-12-12,2025-12-19,DELHIVERY.NS,0.02702702702702703,-0.016749034829678933,-0.019749034829678932,8.108108108108109e-05
2025-12-12,2025-12-19,KARURVYSYA.NS,0.02702702702702703,0.029507693953267022,0.026507693953267023,8.108108108108109e-05
2025-12-12,2025-12-19,SOUTHBANK.NS,0.02702702702702703,-0.0002503970202109018,-0.003250397020210902,8.108108108108109e-05
2025-12-12,2025-12-19,POONAWALLA.NS,0.02702702702702703,0.015357036859050543,0.012357036859050544,8.108108108108109e-05
2025-12-12,2025-12-19,LTF.NS,0.02702702702702703,-0.01888943087343342,-0.02188943087343342,8.108108108108109e-05
2025-12-12,2025-12-19,M&MFIN.NS,0.02702702702702703,0.09159422215366031,0.08859422215366031,8.108108108108109e-05
2025-12-12,2025-12-19,MANAPPURAM.NS,0.02702702702702703,0.02086596878299196,0.017865968782991962,8.108108108108109e-05
2025-12-12,2025-12-19,MCX.NS,0.02702702702702703,0.023420631632185662,0.020420631632185663,8.108108108108109e-05
2025-12-12,2025-12-19,BSE.NS,0.02702702702702703,-0.006187903272307227,-0.009187903272307226,8.108108108108109e-05
2025-12-12,2025-12-19,LAURUSLABS.NS,0.02702702702702703,0.0434997988242285,0.040499798824228495,8.108108108108109e-05
2025-12-12,2025-12-19,NAM-INDIA.NS,0.02702702702702703,0.02829865516394814,0.02529865516394814,8.108108108108109e-05
2025-12-12,2025-12-19,EXIDEIND.NS,0.02702702702702703,-0.02622069740053934,-0.029220697400539338,8.108108108108109e-05
2025-12-19,2025-12-29,SBIN.NS,0.02702702702702703,-0.018448691484384216,-0.021448691484384216,8.108108108108109e-05
2025-12-19,2025-12-29,BHARTIARTL.NS,0.02702702702702703,-0.01935793404560293,-0.02235793404560293,8.108108108108109e-05
2025-12-19,2025-12-29,MARUTI.NS,0.02702702702702703,0.006742080112494664,0.003742080112494664,8.108108108108109e-05
2025-12-19,2025-12-29,TATASTEEL.NS,0.02702702702702703,0.02212501296772018,0.019125012967720182,8.108108108108109e-05
2025-12-19,2025-12-29,M&M.NS,0.02702702702702703,-0.0027777148257818185,-0.0057777148257818186,8.108108108108109e-05
2025-12-19,2025-12-29,HINDALCO.NS,0.02702702702702703,0.009302292679706392,0.006302292679706392,8.108108108108109e-05
2025-12-19,2025-12-29,EICHERMOT.NS,0.02702702702702703,0.004697485893340847,0.001697485893340847,8.108108108108109e-05
2025-12-19,2025-12-29,HEROMOTOCO.NS,0.02702702702702703,-0.03857778699895076,-0.04157778699895076,8.108108108108109e-05
2025-12-19,2025-12-29,UPL.NS,0.02702702702702703,0.0225084330070644,0.0195084330070644,8.108108108108109e-05
2025-12-19,2025-12-29,PNB.NS,0.02702702702702703,-0.0019094125594109057,-0.004909412559410906,8.108108108108109e-05
2025-12-19,2025-12-29,BANKBARODA.NS,0.02702702702702703,-0.021367483786508545,-0.024367483786508545,8.108108108108109e-05
2025-12-19,2025-12-29,CANBK.NS,0.02702702702702703,0.008037520012606603,0.005037520012606603,8.108108108108109e-05
2025-12-19,2025-12-29,TVSMOTOR.NS,0.02702702702702703,-0.027898655847256704,-0.030898655847256703,8.108108108108109e-05
2025-12-19,2025-12-29,TATACOMM.NS,0.02702702702702703,-0.011538480462363387,-0.014538480462363387,8.108108108108109e-05
2025-12-19,2025-12-29,AUBANK.NS,0.02702702702702703,-1.5816290055425952e-08,-0.0030000158162900555,8.108108108108109e-05
2025-12-19,2025-12-29,IDFCFIRSTB.NS,0.02702702702702703,-0.005764648439925968,-0.008764648439925967,8.108108108108109e-05
2025-12-19,2025-12-29,RBLBANK.NS,0.02702702702702703,0.00978439826469657,0.00678439826469657,8.108108108108109e-05
2025-12-19,2025-12-29,ABCAPITAL.NS,0.02702702702702703,-0.009427190138685204,-0.012427190138685203,8.108108108108109e-05
2025-12-19,2025-12-29,MFSL.NS,0.02702702702702703,-0.027705098445860554,-0.030705098445860553,8.108108108108109e-05
2025-12-19,2025-12-29,MPHASIS.NS,0.02702702702702703,-0.03169245323064318,-0.03469245323064318,8.108108108108109e-05
2025-12-19,2025-12-29,COFORGE.NS,0.02702702702702703,-0.08924322191690992,-0.09224322191690992,8.108108108108109e-05
2025-12-19,2025-12-29,PERSISTENT.NS,0.02702702702702703,-0.02582424228725866,-0.028824242287258658,8.108108108108109e-05
2025-12-19,2025-12-29,NMDC.NS,0.02702702702702703,0.05544684585061166,0.052446845850611656,8.108108108108109e-05
2025-12-19,2025-12-29,NATIONALUM.NS,0.02702702702702703,0.060498370634715526,0.05749837063471552,8.108108108108109e-05
2025-12-19,2025-12-29,VEDL.NS,0.02702702702702703,0.0063559024435380085,0.0033559024435380084,8.108108108108109e-05
2025-12-19,2025-12-29,MRF.NS,0.02702702702702703,-0.03332682833000555,-0.036326828330005556,8.108108108108109e-05
2025-12-19,2025-12-29,DELHIVERY.NS,0.02702702702702703,-0.012009788961971468,-0.015009788961971467,8.108108108108109e-05
2025-12-19,2025-12-29,UNIONBANK.NS,0.02702702702702703,-0.035730500902556694,-0.0387305009025567,8.108108108108109e-05
2025-12-19,2025-12-29,KARURVYSYA.NS,0.02702702702702703,0.007957223916186251,0.004957223916186251,8.108108108108109e-05
2025-12-19,2025-12-29,SOUTHBANK.NS,0.02702702702702703,-0.06937137855620668,-0.07237137855620668,8.108108108108109e-05
2025-12-19,2025-12-29,POONAWALLA.NS,0.02702702702702703,0.05144627649492173,0.048446276494921725,8.108108108108109e-05
2025-12-19,2025-12-29,LTF.NS,0.02702702702702703,-0.007468853192927338,-0.010468853192927337,8.108108108108109e-05
2025-12-19,2025-12-29,BSE.NS,0.02702702702702703,-0.02590615664064244,-0.02890615664064244,8.108108108108109e-05
2025-12-19,2025-12-29,RAYMOND.NS,0.02702702702702703,-0.02324487916966389,-0.02624487916966389,8.108108108108109e-05
2025-12-19,2025-12-29,LAURUSLABS.NS,0.02702702702702703,0.03064627209270654,0.02764627209270654,8.108108108108109e-05
2025-12-19,2025-12-29,NAM-INDIA.NS,0.02702702702702703,-0.02239862927522629,-0.02539862927522629,8.108108108108109e-05
2025-12-19,2025-12-29,RADICO.NS,0.02702702702702703,0.017246269565466932,0.014246269565466933,8.108108108108109e-05
2025-12-29,2026-01-05,INFY.NS,0.02702702702702703,-0.028476035258519494,-0.0314760352585195,8.108108108108109e-05
2025-12-29,2026-01-05,BHARTIARTL.NS,0.02702702702702703,0.014347639979506832,0.011347639979506833,8.108108108108109e-05
2025-12-29,2026-01-05,TATASTEEL.NS,0.02702702702702703,0.07651348811621039,0.07351348811621039,8.108108108108109e-05
2025-12-29,2026-01-05,COALINDIA.NS,0.02702702702702703,0.06750004399597187,0.06450004399597187,8.108108108108109e-05
2025-12-29,2026-01-05,JSWSTEEL.NS,0.02702702702702703,0.08499544562007211,0.0819954456200721,8.108108108108109e-05
2025-12-29,2026-01-05,HINDALCO.NS,0.02702702702702703,0.07834102023718947,0.07534102023718947,8.108108108108109e-05
2025-12-29,2026-01-05,ADANIPORTS.NS,0.02702702702702703,0.027586254741381877,0.024586254741381878,8.108108108108109e-05
2025-12-29,2026-01-05,HEROMOTOCO.NS,0.02702702702702703,0.07899467772158775,0.07599467772158774,8.108108108108109e-05
2025-12-29,2026-01-05,UPL.NS,0.02702702702702703,0.04558438654046748,0.04258438654046748,8.108108108108109e-05
2025-12-29,2026-01-05,SHREECEM.NS,0.02702702702702703,0.053092327063982925,0.05009232706398292,8.108108108108109e-05
2025-12-29,2026-01-05,TATACOMM.NS,0.02702702702702703,0.005558661188669323,0.0025586611886693226,8.108108108108109e-05
2025-12-29,2026-01-05,ABCAPITAL.NS,0.02702702702702703,0.051189617880317284,0.04818961788031728,8.108108108108109e-05
2025-12-29,2026-01-05,MFSL.NS,0.02702702702702703,0.048061620650946546,0.04506162065094654,8.108108108108109e-05
2025-12-29,2026-01-05,COFORGE.NS,0.02702702702702703,-0.021900442144352272,-0.02490044214435227,8.108108108108109e-05
2025-12-29,2026-01-05,PERSISTENT.NS,0.02702702702702703,-0.00024169673875884534,-0.0032416967387588454,8.108108108108109e-05
2025-12-29,2026-01-05,ZENSARTECH.NS,0.02702702702702703,-0.00483768212234037,-0.007837682122340369,8.108108108108109e-05
2025-12-29,2026-01-05,TATAELXSI.NS,0.02702702702702703,0.006017316238273063,0.0030173162382730627,8.108108108108109e-05
2025-12-29,2026-01-05,CHENNPETRO.NS,0.02702702702702703,0.001970441120644262,-0.0010295588793557383,8.108108108108109e-05
2025-12-29,2026-01-05,SAIL.NS,0.02702702702702703,0.13431285149894356,0.13131285149894356,8.108108108108109e-05
2025-12-29,2026-01-05,NMDC.NS,0.02702702702702703,0.03770078503112129,0.034700785031121284,8.108108108108109e-05
2025-12-29,2026-01-05,NATIONALUM.NS,0.02702702702702703,0.11879183508326507,0.11579183508326507,8.108108108108109e-05
2025-12-29,2026-01-05,VEDL.NS,0.02702702702702703,0.041178962203303415,0.03817896220330341,8.108108108108109e-05
2025-12-29,2026-01-05,COROMANDEL.NS,0.02702702702702703,-0.03797518525377275,-0.04097518525377275,8.108108108108109e-05
2025-12-29,2026-01-05,NYKAA.NS,0.02702702702702703,0.04327671072376904,0.04027671072376904,8.108108108108109e-05
2025-12-29,2026-01-05,PAYTM.NS,0.02702702702702703,0.02289435253756711,0.01989435253756711,8.108108108108109e-05
2025-12-29,2026-01-05,DELHIVERY.NS,0.02702702702702703,0.02914909407613009,0.02614909407613009,8.108108108108109e-05
2025-12-29,2026-01-05,DIXON.NS,0.02702702702702703,0.01843434343434347,0.01543434343434347,8.108108108108109e-05
2025-12-29,2026-01-05,HINDZINC.NS,0.02702702702702703,0.0325203073176521,0.029520307317652098,8.108108108108109e-05
2025-12-29,2026-01-05,PRESTIGE.NS,0.02702702702702703,0.05245304943201101,0.04945304943201101,8.108108108108109e-05
2025-12-29,2026-01-05,SOUTHBANK.NS,0.02702702702702703,0.07238961166833469,0.06938961166833468,8.108108108108109e-05
2025-12-29,2026-01-05,LTF.NS,0.02702702702702703,0.08494977821445948,0.08194977821445948,8.108108108108109e-05
2025-12-29,2026-01-05,ANGELONE.NS,0.02702702702702703,0.0001246509693739739,-0.002875349030626026,8.108108108108109e-05
2025-12-29,2026-01-05,BSE.NS,0.02702702702702703,0.01776817448070722,0.014768174480707223,8.108108108108109e-05
2025-12-29,2026-01-05,NBCC.NS,0.02702702702702703,-0.012224064329900863,-0.015224064329900863,8.108108108108109e-05
2025-12-29,2026-01-05,KAYNES.NS,0.02702702702702703,0.004383767535070193,0.0013837675350701932,8.108108108108109e-05
2025-12-29,2026-01-05,NAM-INDIA.NS,0.02702702702702703,0.030453057447187515,0.027453057447187516,8.108108108108109e-05
2025-12-29,2026-01-05,RADICO.NS,0.02702702702702703,-0.0423385200991081,-0.045338520099108104,8.108108108108109e-05
2026-01-05,2026-01-12,ITC.NS,0.02702702702702703,-0.032119980443287344,-0.035119980443287346,8.108108108108109e-05
2026-01-05,2026-01-12,M&M.NS,0.02702702702702703,-0.018743438602873752,-0.02174343860287375,8.108108108108109e-05
2026-01-05,2026-01-12,INDUSINDBK.NS,0.02702702702702703,0.012249441334170275,0.009249441334170275,8.108108108108109e-05
2026-01-05,2026-01-12,BPCL.NS,0.02702702702702703,-0.04698875098249278,-0.04998875098249278,8.108108108108109e-05
2026-01-05,2026-01-12,HEROMOTOCO.NS,0.02702702702702703,-0.03826956680197746,-0.041269566801977464,8.108108108108109e-05
2026-01-05,2026-01-12,IDEA.NS,0.02702702702702703,-0.013088971904971047,-0.016088971904971047,8.108108108108109e-05
2026-01-05,2026-01-12,PNB.NS,0.02702702702702703,-0.009203600656821909,-0.012203600656821908,8.108108108108109e-05
2026-01-05,2026-01-12,CANBK.NS,0.02702702702702703,-0.0227184519790834,-0.025718451979083398,8.108108108108109e-05
2026-01-05,2026-01-12,CHOLAFIN.NS,0.02702702702702703,-0.03323941806566133,-0.03623941806566133,8.108108108108109e-05
2026-01-05,2026-01-12,TVSMOTOR.NS,0.02702702702702703,-0.02861205344972806,-0.03161205344972806,8.108108108108109e-05
2026-01-05,2026-01-12,POLYCAB.NS,0.02702702702702703,-0.014447883792987892,-0.01744788379298789,8.108108108108109e-05
2026-01-05,2026-01-12,BHEL.NS,0.02702702702702703,-0.10492184878915811,-0.10792184878915811,8.108108108108109e-05
2026-01-05,2026-01-12,AUBANK.NS,0.02702702702702703,-0.005905509894109318,-0.008905509894109317,8.108108108108109e-05
2026-01-05,2026-01-12,IDFCFIRSTB.NS,0.02702702702702703,0.0056524601402021535,0.0026524601402021534,8.108108108108109e-05
2026-01-05,2026-01-12,FEDERALBNK.NS,0.02702702702702703,-0.04109851852205326,-0.044098518522053265,8.108108108108109e-05
2026-01-05,2026-01-12,RBLBANK.NS,0.02702702702702703,-0.0303747864528493,-0.0333747864528493,8.108108108108109e-05
2026-01-05,2026-01-12,ABCAPITAL.NS,0.02702702702702703,-0.020850496854638245,-0.023850496854638244,8.108108108108109e-05
2026-01-05,2026-01-12,IOC.NS,0.02702702702702703,-0.03642986909079182,-0.039429869090791825,8.108108108108109e-05
2026-01-05,2026-01-12,CHENNPETRO.NS,0.02702702702702703,-0.004424654658931826,-0.007424654658931826,8.108108108108109e-05
2026-01-05,2026-01-12,CESC.NS,0.02702702702702703,-0.053041586772515914,-0.05604158677251592,8.108108108108109e-05
2026-01-05,2026-01-12,NATIONALUM.NS,0.02702702702702703,0.05878828525253166,0.055788285252531655,8.108108108108109e-05
2026-01-05,2026-01-12,PAYTM.NS,0.02702702702702703,-0.04266786358133401,-0.04566786358133401,8.108108108108109e-05
2026-01-05,2026-01-12,DIXON.NS,0.02702702702702703,-0.012315067360938903,-0.015315067360938902,8.108108108108109e-05
2026-01-05,2026-01-12,HINDZINC.NS,0.02702702702702703,-0.0015748252241890581,-0.004574825224189058,8.108108108108109e-05
2026-01-05,2026-01-12,PRESTIGE.NS,0.02702702702702703,-0.10469140502544905,-0.10769140502544905,8.108108108108109e-05
2026-01-05,2026-01-12,SOUTHBANK.NS,0.02702702702702703,0.03237139573279024,0.029371395732790243,8.108108108108109e-05
2026-01-05,2026-01-12,LTF.NS,0.02702702702702703,-0.08014794681192805,-0.08314794681192805,8.108108108108109e-05
2026-01-05,2026-01-12,M&MFIN.NS,0.02702702702702703,-0.07666415472087285,-0.07966415472087285,8.108108108108109e-05
2026-01-05,2026-01-12,MANAPPURAM.NS,0.02702702702702703,-0.04685734353112947,-0.04985734353112947,8.108108108108109e-05
2026-01-05,2026-01-12,MCX.NS,0.02702702702702703,0.016726894466273956,0.013726894466273957,8.108108108108109e-05
2026-01-05,2026-01-12,BSE.NS,0.02702702702702703,0.05420559530544522,0.05120559530544522,8.108108108108109e-05
2026-01-05,2026-01-12,NBCC.NS,0.02702702702702703,-0.1024917008590025,-0.1054917008590025,8.108108108108109e-05
2026-01-05,2026-01-12,KPIL.NS,0.02702702702702703,-0.07123309655264365,-0.07423309655264365,8.108108108108109e-05
2026-01-05,2026-01-12,LAURUSLABS.NS,0.02702702702702703,-0.08007062233565287,-0.08307062233565288,8.108108108108109e-05
2026-01-05,2026-01-12,NAM-INDIA.NS,0.02702702702702703,-0.03463684736706729,-0.037636847367067294,8.108108108108109e-05
2026-01-05,2026-01-12,RADICO.NS,0.02702702702702703,-0.08254077113883329,-0.0855407711388333,8.108108108108109e-05
2026-01-05,2026-01-12,KEI.NS,0.02702702702702703,-0.03960355505159141,-0.04260355505159141,8.108108108108109e-05
2026-01-12,2026-01-19,TATASTEEL.NS,0.02702702702702703,0.02599457117418269,0.02299457117418269,8.108108108108109e-05
2026-01-12,2026-01-19,HINDALCO.NS,0.02702702702702703,0.018438603759378447,0.015438603759378448,8.108108108108109e-05
2026-01-12,2026-01-19,EICHERMOT.NS,0.02702702702702703,-0.020299155251114476,-0.023299155251114475,8.108108108108109e-05
2026-01-12,2026-01-19,BPCL.NS,0.02702702702702703,0.00277776925796247,-0.00022223074203752986,8.108108108108109e-05
2026-01-12,2026-01-19,HEROMOTOCO.NS,0.02702702702702703,-0.00017296130768784668,-0.0031729613076878467,8.108108108108109e-05
2026-01-12,2026-01-19,IDEA.NS,0.02702702702702703,-0.06277630519937993,-0.06577630519937994,8.108108108108109e-05
2026-01-12,2026-01-19,BEL.NS,0.02702702702702703,-0.013936931284787901,-0.0169369312847879,8.108108108108109e-05
2026-01-12,2026-01-19,PNB.NS,0.02702702702702703,0.03311789047692404,0.03011789047692404,8.108108108108109e-05
2026-01-12,2026-01-19,BANKBARODA.NS,0.02702702702702703,0.012702131113023318,0.009702131113023319,8.108108108108109e-05
2026-01-12,2026-01-19,CANBK.NS,0.02702702702702703,0.04311538023895145,0.04011538023895145,8.108108108108109e-05
2026-01-12,2026-01-19,TVSMOTOR.NS,0.02702702702702703,-0.015246273648233721,-0.01824627364823372,8.108108108108109e-05
2026-01-12,2026-01-19,POLYCAB.NS,0.02702702702702703,-0.028795821226419882,-0.031795821226419885,8.108108108108109e-05
2026-01-12,2026-01-19,BHEL.NS,0.02702702702702703,-0.02470739980464265,-0.027707399804642648,8.108108108108109e-05
2026-01-12,2026-01-19,AUBANK.NS,0.02702702702702703,0.010891135313397804,0.007891135313397805,8.108108108108109e-05
2026-01-12,2026-01-19,IDFCFIRSTB.NS,0.02702702702702703,-0.026697878537175868,-0.029697878537175867,8.108108108108109e-05
2026-01-12,2026-01-19,FEDERALBNK.NS,0.02702702702702703,0.09816311111774056,0.09516311111774056,8.108108108108109e-05
2026-01-12,2026-01-19,RBLBANK.NS,0.02702702702702703,-0.007015945881845176,-0.010015945881845175,8.108108108108109e-05
2026-01-12,2026-01-19,ABCAPITAL.NS,0.02702702702702703,0.011768036645720459,0.00876803664572046,8.108108108108109e-05
2026-01-12,2026-01-19,MFSL.NS,0.02702702702702703,-0.017885926432425814,-0.020885926432425813,8.108108108108109e-05
2026-01-12,2026-01-19,PERSISTENT.NS,0.02702702702702703,0.012539451809948199,0.0095394518099482,8.108108108108109e-05
2026-01-12,2026-01-19,HINDPETRO.NS,0.02702702702702703,0.005875823436874095,0.0028758234368740946,8.108108108108109e-05
2026-01-12,2026-01-19,IOC.NS,0.02702702702702703,0.013862550005843355,0.010862550005843356,8.108108108108109e-05
2026-01-12,2026-01-19,NATIONALUM.NS,0.02702702702702703,0.04107651871700435,0.03807651871700435,8.108108108108109e-05
2026-01-12,2026-01-19,PAYTM.NS,0.02702702702702703,0.04191099739050741,0.03891099739050741,8.108108108108109e-05
2026-01-12,2026-01-19,CUMMINSIND.NS,0.02702702702702703,0.016120890538662058,0.013120890538662059,8.108108108108109e-05
2026-01-12,2026-01-19,HINDZINC.NS,0.02702702702702703,0.05488952878344655,0.05188952878344655,8.108108108108109e-05
2026-01-12,2026-01-19,PRESTIGE.NS,0.02702702702702703,-6.664273502976492e-05,-0.003066642735029765,8.108108108108109e-05
2026-01-12,2026-01-19,KARURVYSYA.NS,0.02702702702702703,0.002820145366080995,-0.0001798546339190051,8.108108108108109e-05
2026-01-12,2026-01-19,SOUTHBANK.NS,0.02702702702702703,0.10160430733172188,0.09860430733172187,8.108108108108109e-05
2026-01-12,2026-01-19,LTF.NS,0.02702702702702703,0.005361925244668386,0.002361925244668386,8.108108108108109e-05
2026-01-12,2026-01-19,M&MFIN.NS,0.02702702702702703,0.011500795319552282,0.008500795319552282,8.108108108108109e-05
2026-01-12,2026-01-19,MCX.NS,0.02702702702702703,0.08937304817424918,0.08637304817424918,8.108108108108109e-05
2026-01-12,2026-01-19,NBCC.NS,0.02702702702702703,-0.0552471248248797,-0.058247124824879704,8.108108108108109e-05
2026-01-12,2026-01-19,LAURUSLABS.NS,0.02702702702702703,0.02089731425257435,0.01789731425257435,8.108108108108109e-05
2026-01-12,2026-01-19,NAM-INDIA.NS,0.02702702702702703,0.0196758967960462,0.0166758967960462,8.108108108108109e-05
2026-01-12,2026-01-19,RADICO.NS,0.02702702702702703,-0.0009105086206463442,-0.003910508620646344,8.108108108108109e-05
2026-01-12,2026-01-19,KEI.NS,0.02702702702702703,-0.017017608861675915,-0.020017608861675914,8.108108108108109e-05
2026-01-19,2026-01-27,SBIN.NS,0.02702702702702703,0.018898828721938266,0.015898828721938266,8.108108108108109e-05
2026-01-19,2026-01-27,TATASTEEL.NS,0.02702702702702703,0.027726168721953215,0.024726168721953216,8.108108108108109e-05
2026-01-19,2026-01-27,INDUSINDBK.NS,0.02702702702702703,-0.04994717192910503,-0.05294717192910503,8.108108108108109e-05
2026-01-19,2026-01-27,HINDALCO.NS,0.02702702702702703,0.028110125374051442,0.025110125374051443,8.108108108108109e-05
2026-01-19,2026-01-27,WIPRO.NS,0.02702702702702703,-0.01776769107741283,-0.020767691077412827,8.108108108108109e-05
2026-01-19,2026-01-27,EICHERMOT.NS,0.02702702702702703,-0.028898614119411636,-0.03189861411941164,8.108108108108109e-05
2026-01-19,2026-01-27,YESBANK.NS,0.02702702702702703,-0.06401761059653865,-0.06701761059653866,8.108108108108109e-05
2026-01-19,2026-01-27,IDEA.NS,0.02702702702702703,-0.06320755209265827,-0.06620755209265827,8.108108108108109e-05
2026-01-19,2026-01-27,PNB.NS,0.02702702702702703,-0.03049256081351337,-0.03349256081351337,8.108108108108109e-05
2026-01-19,2026-01-27,BANKBARODA.NS,0.02702702702702703,-0.011239696953947886,-0.014239696953947886,8.108108108108109e-05
2026-01-19,2026-01-27,CANBK.NS,0.02702702702702703,-0.012761870549263477,-0.015761870549263476,8.108108108108109e-05
2026-01-19,2026-01-27,CHOLAFIN.NS,0.02702702702702703,-0.02899649604819443,-0.031996496048194434,8.108108108108109e-05
2026-01-19,2026-01-27,AUBANK.NS,0.02702702702702703,-0.0548482073110067,-0.057848207311006705,8.108108108108109e-05
2026-01-19,2026-01-27,IDFCFIRSTB.NS,0.02702702702702703,0.009865203945428558,0.006865203945428558,8.108108108108109e-05
2026-01-19,2026-01-27,RBLBANK.NS,0.02702702702702703,-0.029576092269296805,-0.03257609226929681,8.108108108108109e-05
2026-01-19,2026-01-27,ABCAPITAL.NS,0.02702702702702703,-0.03489339764758581,-0.037893397647585814,8.108108108108109e-05
2026-01-19,2026-01-27,MFSL.NS,0.02702702702702703,-0.03971255408886465,-0.04271255408886465,8.108108108108109e-05
2026-01-19,2026-01-27,CESC.NS,0.02702702702702703,-0.07148028338668944,-0.07448028338668944,8.108108108108109e-05
2026-01-19,2026-01-27,SAIL.NS,0.02702702702702703,0.04534254909044666,0.04234254909044666,8.108108108108109e-05
2026-01-19,2026-01-27,NMDC.NS,0.02702702702702703,-0.024818706395938306,-0.027818706395938305,8.108108108108109e-05
2026-01-19,2026-01-27,NATIONALUM.NS,0.02702702702702703,0.05659853824960748,0.053598538249607475,8.108108108108109e-05
2026-01-19,2026-01-27,VEDL.NS,0.02702702702702703,0.0519230699018951,0.0489230699018951,8.108108108108109e-05
2026-01-19,2026-01-27,ESCORTS.NS,0.02702702702702703,-0.007164893004179551,-0.01016489300417955,8.108108108108109e-05
2026-01-19,2026-01-27,HINDZINC.NS,0.02702702702702703,0.06459339179850887,0.06159339179850887,8.108108108108109e-05
2026-01-19,2026-01-27,GODREJPROP.NS,0.02702702702702703,-0.15833335753724254,-0.16133335753724254,8.108108108108109e-05
2026-01-19,2026-01-27,UNIONBANK.NS,0.02702702702702703,-0.003550592728965407,-0.006550592728965407,8.108108108108109e-05
2026-01-19,2026-01-27,KARURVYSYA.NS,0.02702702702702703,0.09692517779855736,0.09392517779855736,8.108108108108109e-05
2026-01-19,2026-01-27,SOUTHBANK.NS,0.02702702702702703,-0.0022064338514122817,-0.005206433851412282,8.108108108108109e-05
2026-01-19,2026-01-27,LTF.NS,0.02702702702702703,-0.03999992947907671,-0.042999929479076715,8.108108108108109e-05
2026-01-19,2026-01-27,M&MFIN.NS,0.02702702702702703,0.019966638205821674,0.016966638205821675,8.108108108108109e-05
2026-01-19,2026-01-27,MANAPPURAM.NS,0.02702702702702703,-0.055951735829517624,-0.058951735829517626,8.108108108108109e-05
2026-01-19,2026-01-27,MCX.NS,0.02702702702702703,0.015510261194812136,0.012510261194812137,8.108108108108109e-05
2026-01-19,2026-01-27,BSE.NS,0.02702702702702703,0.013506572789033555,0.010506572789033556,8.108108108108109e-05
2026-01-19,2026-01-27,NBCC.NS,0.02702702702702703,-0.041238117947007824,-0.04423811794700783,8.108108108108109e-05
2026-01-19,2026-01-27,LAURUSLABS.NS,0.02702702702702703,-0.051643238080699705,-0.05464323808069971,8.108108108108109e-05
2026-01-19,2026-01-27,NAM-INDIA.NS,0.02702702702702703,-0.0862655539582684,-0.0892655539582684,8.108108108108109e-05
2026-01-19,2026-01-27,RADICO.NS,0.02702702702702703,0.02351989344024119,0.02051989344024119,8.108108108108109e-05
2026-01-27,2026-02-03,ASIANPAINT.NS,0.02702702702702703,-0.041420135062411934,-0.044420135062411936,8.108108108108109e-05
2026-01-27,2026-02-03,MARUTI.NS,0.02702702702702703,-0.023811076754757687,-0.026811076754757687,8.108108108108109e-05
2026-01-27,2026-02-03,TITAN.NS,0.02702702702702703,0.021239398257026254,0.018239398257026255,8.108108108108109e-05
2026-01-27,2026-02-03,M&M.NS,0.02702702702702703,0.05031077156595232,0.047310771565952314,8.108108108108109e-05
2026-01-27,2026-02-03,HEROMOTOCO.NS,0.02702702702702703,0.06288139614474875,0.059881396144748744,8.108108108108109e-05
2026-01-27,2026-02-03,IDEA.NS,0.02702702702702703,0.14300101033771395,0.14000101033771395,8.108108108108109e-05
2026-01-27,2026-02-03,UPL.NS,0.02702702702702703,0.027635118477393084,0.024635118477393084,8.108108108108109e-05
2026-01-27,2026-02-03,POLYCAB.NS,0.02702702702702703,0.0988431248635715,0.0958431248635715,8.108108108108109e-05
2026-01-27,2026-02-03,SRF.NS,0.02702702702702703,0.07558326274666216,0.07258326274666216,8.108108108108109e-05
2026-01-27,2026-02-03,BHEL.NS,0.02702702702702703,0.07558492041653575,0.07258492041653575,8.108108108108109e-05
2026-01-27,2026-02-03,TATACOMM.NS,0.02702702702702703,0.017283516317371017,0.014283516317371018,8.108108108108109e-05
2026-01-27,2026-02-03,ABCAPITAL.NS,0.02702702702702703,0.012912482065997155,0.009912482065997156,8.108108108108109e-05
2026-01-27,2026-02-03,MFSL.NS,0.02702702702702703,0.05721176876757528,0.054211768767575275,8.108108108108109e-05
2026-01-27,2026-02-03,HINDPETRO.NS,0.02702702702702703,0.07363418133765753,0.07063418133765753,8.108108108108109e-05
2026-01-27,2026-02-03,CESC.NS,0.02702702702702703,0.04365674608146475,0.040656746081464745,8.108108108108109e-05
2026-01-27,2026-02-03,MRF.NS,0.02702702702702703,0.005873723191016422,0.002873723191016422,8.108108108108109e-05
2026-01-27,2026-02-03,NYKAA.NS,0.02702702702702703,0.04186043930860195,0.038860439308601946,8.108108108108109e-05
2026-01-27,2026-02-03,PAYTM.NS,0.02702702702702703,0.03463203463203457,0.03163203463203457,8.108108108108109e-05
2026-01-27,2026-02-03,DIXON.NS,0.02702702702702703,0.08273628422808921,0.0797362842280892,8.108108108108109e-05
2026-01-27,2026-02-03,AMBER.NS,0.02702702702702703,0.11080108010801082,0.10780108010801082,8.108108108108109e-05
2026-01-27,2026-02-03,OBEROIRLTY.NS,0.02702702702702703,0.04037585321885073,0.03737585321885073,8.108108108108109e-05
2026-01-27,2026-02-03,PHOENIXLTD.NS,0.02702702702702703,-0.03524025616794768,-0.038240256167947684,8.108108108108109e-05
2026-01-27,2026-02-03,GODREJPROP.NS,0.02702702702702703,0.12409243500872824,0.12109243500872824,8.108108108108109e-05
2026-01-27,2026-02-03,BRIGADE.NS,0.02702702702702703,0.06684860736320841,0.06384860736320841,8.108108108108109e-05
2026-01-27,2026-02-03,PRESTIGE.NS,0.02702702702702703,0.10630822608486645,0.10330822608486645,8.108108108108109e-05
2026-01-27,2026-02-03,POONAWALLA.NS,0.02702702702702703,0.004521584091685682,0.001521584091685682,8.108108108108109e-05
2026-01-27,2026-02-03,LTF.NS,0.02702702702702703,-0.008854128556744723,-0.011854128556744722,8.108108108108109e-05
2026-01-27,2026-02-03,M&MFIN.NS,0.02702702702702703,-0.015769419596824874,-0.018769419596824873,8.108108108108109e-05
2026-01-27,2026-02-03,MANAPPURAM.NS,0.02702702702702703,-0.026192157367672886,-0.029192157367672885,8.108108108108109e-05
2026-01-27,2026-02-03,CDSL.NS,0.02702702702702703,0.01341375885391427,0.010413758853914271,8.108108108108109e-05
2026-01-27,2026-02-03,HUDCO.NS,0.02702702702702703,-0.03753946420674881,-0.04053946420674881,8.108108108108109e-05
2026-01-27,2026-02-03,KEC.NS,0.02702702702702703,-0.011971821530895821,-0.01497182153089582,8.108108108108109e-05
2026-01-27,2026-02-03,SYNGENE.NS,0.02702702702702703,-0.010768239009990466,-0.013768239009990465,8.108108108108109e-05
2026-01-27,2026-02-03,LAURUSLABS.NS,0.02702702702702703,-0.02970295463100292,-0.03270295463100292,8.108108108108109e-05
2026-01-27,2026-02-03,NAM-INDIA.NS,0.02702702702702703,0.15279498672490788,0.14979498672490787,8.108108108108109e-05
2026-01-27,2026-02-03,TIINDIA.NS,0.02702702702702703,0.15084819499857605,0.14784819499857604,8.108108108108109e-05
2026-01-27,2026-02-03,KEI.NS,0.02702702702702703,0.1366057951207571,0.1336057951207571,8.108108108108109e-05
2026-02-03,2026-02-10,^NSEI,0.02702702702702703,0.012556876332857847,0.009556876332857848,8.108108108108109e-05
2026-02-03,2026-02-10,RELIANCE.NS,0.02702702702702703,0.01080327747224441,0.00780327747224441,8.108108108108109e-05
2026-02-03,2026-02-10,SBIN.NS,0.02702702702702703,0.07564366593700034,0.07264366593700033,8.108108108108109e-05
2026-02-03,2026-02-10,ASIANPAINT.NS,0.02702702702702703,-0.012757194254249815,-0.015757194254249814,8.108108108108109e-05
2026-02-03,2026-02-10,TATASTEEL.NS,0.02702702702702703,0.07943704937343954,0.07643704937343954,8.108108108108109e-05
2026-02-03,2026-02-10,COALINDIA.NS,0.02702702702702703,-0.012282749623519273,-0.015282749623519273,8.108108108108109e-05
2026-02-03,2026-02-10,HINDALCO.NS,0.02702702702702703,0.011523008841200166,0.008523008841200167,8.108108108108109e-05
2026-02-03,2026-02-10,TECHM.NS,0.02702702702702703,0.0024227973488388788,-0.0005772026511611213,8.108108108108109e-05
2026-02-03,2026-02-10,BPCL.NS,0.02702702702702703,0.04021447721179627,0.03721447721179627,8.108108108108109e-05
2026-02-03,2026-02-10,PNB.NS,0.02702702702702703,-0.006055693019241581,-0.00905569301924158,8.108108108108109e-05
2026-02-03,2026-02-10,CANBK.NS,0.02702702702702703,-0.0010847465620424934,-0.0040847465620424935,8.108108108108109e-05
2026-02-03,2026-02-10,AUBANK.NS,0.02702702702702703,0.01117344377666929,0.00817344377666929,8.108108108108109e-05
2026-02-03,2026-02-10,IDFCFIRSTB.NS,0.02702702702702703,-0.010613272462620116,-0.013613272462620115,8.108108108108109e-05
2026-02-03,2026-02-10,FEDERALBNK.NS,0.02702702702702703,-0.012609493609778033,-0.015609493609778032,8.108108108108109e-05
2026-02-03,2026-02-10,MPHASIS.NS,0.02702702702702703,-0.0506255860682725,-0.0536255860682725,8.108108108108109e-05
2026-02-03,2026-02-10,PERSISTENT.NS,0.02702702702702703,-0.026402656720484363,-0.029402656720484362,8.108108108108109e-05
2026-02-03,2026-02-10,KPITTECH.NS,0.02702702702702703,-0.0026634329583310468,-0.005663432958331047,8.108108108108109e-05
2026-02-03,2026-02-10,HINDPETRO.NS,0.02702702702702703,0.022123880720228417,0.019123880720228418,8.108108108108109e-05
2026-02-03,2026-02-10,IOC.NS,0.02702702702702703,0.06586819355669782,0.06286819355669782,8.108108108108109e-05
2026-02-03,2026-02-10,MRPL.NS,0.02702702702702703,0.09320593819323197,0.09020593819323197,8.108108108108109e-05
2026-02-03,2026-02-10,CHENNPETRO.NS,0.02702702702702703,0.0926190830718554,0.0896190830718554,8.108108108108109e-05
2026-02-03,2026-02-10,JINDALSTEL.NS,0.02702702702702703,0.0379220904905071,0.034922090490507096,8.108108108108109e-05
2026-02-03,2026-02-10,SAIL.NS,0.02702702702702703,0.03904487364255127,0.03604487364255127,8.108108108108109e-05
2026-02-03,2026-02-10,NMDC.NS,0.02702702702702703,0.046639792000792824,0.04363979200079282,8.108108108108109e-05
2026-02-03,2026-02-10,NATIONALUM.NS,0.02702702702702703,0.002042087031062456,-0.0009579129689375439,8.108108108108109e-05
2026-02-03,2026-02-10,VEDL.NS,0.02702702702702703,0.022058816502915635,0.019058816502915635,8.108108108108109e-05
2026-02-03,2026-02-10,POLICYBZR.NS,0.02702702702702703,0.0354969053284222,0.0324969053284222,8.108108108108109e-05
2026-02-03,2026-02-10,HINDZINC.NS,0.02702702702702703,-0.018897693830435602,-0.0218976938304356,8.108108108108109e-05
2026-02-03,2026-02-10,UNIONBANK.NS,0.02702702702702703,0.03199544557108047,0.028995445571080473,8.108108108108109e-05
2026-02-03,2026-02-10,MAHABANK.NS,0.02702702702702703,0.05390534097883992,0.05090534097883992,8.108108108108109e-05
2026-02-03,2026-02-10,KARURVYSYA.NS,0.02702702702702703,0.07114763780911981,0.06814763780911981,8.108108108108109e-05
2026-02-03,2026-02-10,SOUTHBANK.NS,0.02702702702702703,0.057863876348434484,0.05486387634843448,8.108108108108109e-05
2026-02-03,2026-02-10,MCX.NS,0.02702702702702703,0.00406503949735737,0.00106503949735737,8.108108108108109e-05
2026-02-03,2026-02-10,BSE.NS,0.02702702702702703,0.11325830937860637,0.11025830937860637,8.108108108108109e-05
2026-02-03,2026-02-10,KEC.NS,0.02702702702702703,0.00272829266642427,-0.0002717073335757299,8.108108108108109e-05
2026-02-03,2026-02-10,SYNGENE.NS,0.02702702702702703,-0.05285739279473878,-0.05585739279473878,8.108108108108109e-05
2026-02-03,2026-02-10,NAM-INDIA.NS,0.02702702702702703,-0.017241365592824853,-0.020241365592824852,8.108108108108109e-05
2026-02-10,2026-02-17,RELIANCE.NS,0.02702702702702703,-0.02233487262136724,-0.02533487262136724,8.108108108108109e-05
2026-02-10,2026-02-17,BAJFINANCE.NS,0.02702702702702703,0.05102037655754876,0.04802037655754876,8.108108108108109e-05
2026-02-10,2026-02-17,TITAN.NS,0.02702702702702703,-0.022758660022143884,-0.025758660022143883,8.108108108108109e-05
2026-02-10,2026-02-17,INDUSINDBK.NS,0.02702702702702703,0.01735095512847251,0.014350955128472512,8.108108108108109e-05
2026-02-10,2026-02-17,HINDALCO.NS,0.02702702702702703,-0.0793814629941424,-0.0823814629941424,8.108108108108109e-05
2026-02-10,2026-02-17,BPCL.NS,0.02702702702702703,-0.028350515463917536,-0.03135051546391754,8.108108108108109e-05
2026-02-10,2026-02-17,HEROMOTOCO.NS,0.02702702702702703,-0.017559241884841703,-0.020559241884841702,8.108108108108109e-05
2026-02-10,2026-02-17,PNB.NS,0.02702702702702703,0.0162469010755808,0.0132469010755808,8.108108108108109e-05
2026-02-10,2026-02-17,CANBK.NS,0.02702702702702703,0.014659997034719874,0.011659997034719875,8.108108108108109e-05
2026-02-10,2026-02-17,CHOLAFIN.NS,0.02702702702702703,-0.0011546846041080583,-0.004154684604108058,8.108108108108109e-05
2026-02-10,2026-02-17,TVSMOTOR.NS,0.02702702702702703,0.027777762393070837,0.024777762393070838,8.108108108108109e-05
2026-02-10,2026-02-17,HAVELLS.NS,0.02702702702702703,0.04613932865337489,0.04313932865337489,8.108108108108109e-05
2026-02-10,2026-02-17,BHEL.NS,0.02702702702702703,0.01527301680100579,0.01227301680100579,8.108108108108109e-05
2026-02-10,2026-02-17,AUBANK.NS,0.02702702702702703,0.0019000538892779417,-0.0010999461107220583,8.108108108108109e-05
2026-02-10,2026-02-17,IDFCFIRSTB.NS,0.02702702702702703,-0.0065554547755937165,-0.009555454775593716,8.108108108108109e-05
2026-02-10,2026-02-17,FEDERALBNK.NS,0.02702702702702703,0.025186263725874403,0.022186263725874403,8.108108108108109e-05
2026-02-10,2026-02-17,RBLBANK.NS,0.02702702702702703,0.05181945471574845,0.048819454715748445,8.108108108108109e-05
2026-02-10,2026-02-17,ABCAPITAL.NS,0.02702702702702703,-0.016915702829178092,-0.01991570282917809,8.108108108108109e-05
2026-02-10,2026-02-17,MFSL.NS,0.02702702702702703,0.05461181820471883,0.05161181820471883,8.108108108108109e-05
2026-02-10,2026-02-17,ZENSARTECH.NS,0.02702702702702703,-0.06260025960965354,-0.06560025960965354,8.108108108108109e-05
2026-02-10,2026-02-17,OIL.NS,0.02702702702702703,-0.039048191133923216,-0.04204819113392322,8.108108108108109e-05
2026-02-10,2026-02-17,HINDPETRO.NS,0.02702702702702703,-0.0128787914188081,-0.0158787914188081,8.108108108108109e-05
2026-02-10,2026-02-17,CHENNPETRO.NS,0.02702702702702703,-0.028110664710513822,-0.03111066471051382,8.108108108108109e-05
2026-02-10,2026-02-17,CESC.NS,0.02702702702702703,0.0012902642023076005,-0.0017097357976923995,8.108108108108109e-05
2026-02-10,2026-02-17,NMDC.NS,0.02702702702702703,-0.043235537647899336,-0.04623553764789934,8.108108108108109e-05
2026-02-10,2026-02-17,NATIONALUM.NS,0.02702702702702703,-0.07497957043553372,-0.07797957043553372,8.108108108108109e-05
2026-02-10,2026-02-17,COROMANDEL.NS,0.02702702702702703,0.03956658003037217,0.036566580030372164,8.108108108108109e-05
2026-02-10,2026-02-17,PAYTM.NS,0.02702702702702703,0.011111132139588697,0.008111132139588698,8.108108108108109e-05
2026-02-10,2026-02-17,TIMKEN.NS,0.02702702702702703,-0.030210953418368658,-0.03321095341836866,8.108108108108109e-05
2026-02-10,2026-02-17,HINDZINC.NS,0.02702702702702703,-0.06902079972075781,-0.07202079972075781,8.108108108108109e-05
2026-02-10,2026-02-17,UNIONBANK.NS,0.02702702702702703,0.05567289573985268,0.052672895739852676,8.108108108108109e-05
2026-02-10,2026-02-17,SOUTHBANK.NS,0.02702702702702703,-0.018072289193262314,-0.021072289193262313,8.108108108108109e-05
2026-02-10,2026-02-17,LTF.NS,0.02702702702702703,0.0021884810473582483,-0.0008115189526417517,8.108108108108109e-05
2026-02-10,2026-02-17,MANAPPURAM.NS,0.02702702702702703,1.486147405138638e-07,-0.002999851385259486,8.108108108108109e-05
2026-02-10,2026-02-17,HUDCO.NS,0.02702702702702703,8.502215353978215e-08,-0.0029999149778464603,8.108108108108109e-05
2026-02-10,2026-02-17,NBCC.NS,0.02702702702702703,-0.02699771768052095,-0.02999771768052095,8.108108108108109e-05
2026-02-10,2026-02-17,NAM-INDIA.NS,0.02702702702702703,0.04166664243646734,0.038666642436467336,8.108108108108109e-05
2026-02-17,2026-02-24,TCS.NS,0.02702702702702703,-0.0490842629934678,-0.0520842629934678,8.108108108108109e-05
2026-02-17,2026-02-24,INFY.NS,0.02702702702702703,-0.07527504216862102,-0.07827504216862102,8.108108108108109e-05
2026-02-17,2026-02-24,SBIN.NS,0.02702702702702703,0.007630406858279093,0.004630406858279093,8.108108108108109e-05
2026-02-17,2026-02-24,LT.NS,0.02702702702702703,-0.004778088264736802,-0.007778088264736802,8.108108108108109e-05
2026-02-17,2026-02-24,HCLTECH.NS,0.02702702702702703,-0.08643469892112399,-0.08943469892112399,8.108108108108109e-05
2026-02-17,2026-02-24,HINDALCO.NS,0.02702702702702703,0.0481522820546314,0.0451522820546314,8.108108108108109e-05
2026-02-17,2026-02-24,TECHM.NS,0.02702702702702703,-0.11117668251493751,-0.11417668251493751,8.108108108108109e-05
2026-02-17,2026-02-24,WIPRO.NS,0.02702702702702703,-0.06887144115335697,-0.07187144115335697,8.108108108108109e-05
2026-02-17,2026-02-24,BEL.NS,0.02702702702702703,-0.03333329430881182,-0.036333294308811825,8.108108108108109e-05
2026-02-17,2026-02-24,CANBK.NS,0.02702702702702703,0.053444849860216026,0.05044484986021602,8.108108108108109e-05
2026-02-17,2026-02-24,POLYCAB.NS,0.02702702702702703,0.04416874449454644,0.04116874449454644,8.108108108108109e-05
2026-02-17,2026-02-24,BHEL.NS,0.02702702702702703,-0.013162857577063813,-0.016162857577063813,8.108108108108109e-05
2026-02-17,2026-02-24,FEDERALBNK.NS,0.02702702702702703,0.025432486211977245,0.022432486211977246,8.108108108108109e-05
2026-02-17,2026-02-24,RBLBANK.NS,0.02702702702702703,0.013127362873117665,0.010127362873117666,8.108108108108109e-05
2026-02-17,2026-02-24,MFSL.NS,0.02702702702702703,-0.0029189321157094827,-0.005918932115709483,8.108108108108109e-05
2026-02-17,2026-02-24,MPHASIS.NS,0.02702702702702703,-0.1006613945099798,-0.1036613945099798,8.108108108108109e-05
2026-02-17,2026-02-24,COFORGE.NS,0.02702702702702703,-0.11253253381465878,-0.11553253381465878,8.108108108108109e-05
2026-02-17,2026-02-24,PERSISTENT.NS,0.02702702702702703,-0.1486186347370081,-0.1516186347370081,8.108108108108109e-05
2026-02-17,2026-02-24,ZENSARTECH.NS,0.02702702702702703,-0.07243151242364776,-0.07543151242364776,8.108108108108109e-05
2026-02-17,2026-02-24,KPITTECH.NS,0.02702702702702703,-0.13298537149691037,-0.13598537149691037,8.108108108108109e-05
2026-02-17,2026-02-24,TATAELXSI.NS,0.02702702702702703,-0.08410937665001905,-0.08710937665001905,8.108108108108109e-05
2026-02-17,2026-02-24,NATIONALUM.NS,0.02702702702702703,0.019089571952710882,0.016089571952710883,8.108108108108109e-05
2026-02-17,2026-02-24,VEDL.NS,0.02702702702702703,0.05432837072516761,0.051328370725167605,8.108108108108109e-05
2026-02-17,2026-02-24,ASHOKLEY.NS,0.02702702702702703,0.009400547186335428,0.006400547186335428,8.108108108108109e-05
2026-02-17,2026-02-24,NYKAA.NS,0.02702702702702703,-0.023293554303448594,-0.026293554303448593,8.108108108108109e-05
2026-02-17,2026-02-24,PAYTM.NS,0.02702702702702703,-0.026578134929131303,-0.029578134929131302,8.108108108108109e-05
2026-02-17,2026-02-24,CUMMINSIND.NS,0.02702702702702703,0.06941425223879549,0.06641425223879549,8.108108108108109e-05
2026-02-17,2026-02-24,VOLTAS.NS,0.02702702702702703,0.008534762821541975,0.005534762821541975,8.108108108108109e-05
2026-02-17,2026-02-24,HINDZINC.NS,0.02702702702702703,0.04741373784348579,0.04441373784348579,8.108108108108109e-05
2026-02-17,2026-02-24,UNIONBANK.NS,0.02702702702702703,0.05947367664295311,0.05647367664295311,8.108108108108109e-05
2026-02-17,2026-02-24,MAHABANK.NS,0.02702702702702703,0.0681719027431138,0.0651719027431138,8.108108108108109e-05
2026-02-17,2026-02-24,KARURVYSYA.NS,0.02702702702702703,0.037076865331469255,0.03407686533146925,8.108108108108109e-05
2026-02-17,2026-02-24,SOUTHBANK.NS,0.02702702702702703,0.013251551793983074,0.010251551793983075,8.108108108108109e-05
2026-02-17,2026-02-24,MCX.NS,0.02702702702702703,0.05860940357505373,0.05560940357505373,8.108108108108109e-05
2026-02-17,2026-02-24,BSE.NS,0.02702702702702703,-0.00180832967531519,-0.00480832967531519,8.108108108108109e-05
2026-02-17,2026-02-24,NAM-INDIA.NS,0.02702702702702703,0.03947373028754697,0.03647373028754697,8.108108108108109e-05
2026-02-17,2026-02-24,KEI.NS,0.02702702702702703,0.050206995498746965,0.04720699549874696,8.108108108108109e-05
2026-02-24,2026-03-04,INFY.NS,0.02702702702702703,0.026279020030716804,0.023279020030716805,8.108108108108109e-05
2026-02-24,2026-03-04,LT.NS,0.02702702702702703,-0.08098358233494374,-0.08398358233494374,8.108108108108109e-05
2026-02-24,2026-03-04,HCLTECH.NS,0.02702702702702703,0.01712169273054087,0.014121692730540873,8.108108108108109e-05
2026-02-24,2026-03-04,TATASTEEL.NS,0.02702702702702703,-0.05521182093079868,-0.058211820930798686,8.108108108108109e-05
2026-02-24,2026-03-04,COALINDIA.NS,0.02702702702702703,0.02134815910913823,0.018348159109138232,8.108108108108109e-05
2026-02-24,2026-03-04,HINDALCO.NS,0.02702702702702703,-0.006410241364402713,-0.009410241364402713,8.108108108108109e-05
2026-02-24,2026-03-04,ONGC.NS,0.02702702702702703,0.0054248731562365204,0.0024248731562365204,8.108108108108109e-05
2026-02-24,2026-03-04,TECHM.NS,0.02702702702702703,0.0021400257130270717,-0.0008599742869729284,8.108108108108109e-05
2026-02-24,2026-03-04,BPCL.NS,0.02702702702702703,-0.051715001040648634,-0.054715001040648636,8.108108108108109e-05
2026-02-24,2026-03-04,BEL.NS,0.02702702702702703,0.03172411507530026,0.028724115075300264,8.108108108108109e-05
2026-02-24,2026-03-04,PNB.NS,0.02702702702702703,-0.07281737692378809,-0.0758173769237881,8.108108108108109e-05
2026-02-24,2026-03-04,CANBK.NS,0.02702702702702703,-0.06025787195822174,-0.06325787195822175,8.108108108108109e-05
2026-02-24,2026-03-04,POLYCAB.NS,0.02702702702702703,0.025922060588521312,0.022922060588521313,8.108108108108109e-05
2026-02-24,2026-03-04,BHEL.NS,0.02702702702702703,-0.0482088431430856,-0.0512088431430856,8.108108108108109e-05
2026-02-24,2026-03-04,AUBANK.NS,0.02702702702702703,-0.051105756398983515,-0.05410575639898352,8.108108108108109e-05
2026-02-24,2026-03-04,RBLBANK.NS,0.02702702702702703,-0.06021341205012709,-0.0632134120501271,8.108108108108109e-05
2026-02-24,2026-03-04,COFORGE.NS,0.02702702702702703,-0.034123240042829406,-0.03712324004282941,8.108108108108109e-05
2026-02-24,2026-03-04,PERSISTENT.NS,0.02702702702702703,-0.003547580082552404,-0.006547580082552404,8.108108108108109e-05
2026-02-24,2026-03-04,ZENSARTECH.NS,0.02702702702702703,0.0358131083266362,0.0328131083266362,8.108108108108109e-05
2026-02-24,2026-03-04,KPITTECH.NS,0.02702702702702703,-0.022510052718257678,-0.025510052718257677,8.108108108108109e-05
2026-02-24,2026-03-04,OIL.NS,0.02702702702702703,0.048284586411967645,0.04528458641196764,8.108108108108109e-05
2026-02-24,2026-03-04,HINDPETRO.NS,0.02702702702702703,-0.10206808921500843,-0.10506808921500843,8.108108108108109e-05
2026-02-24,2026-03-04,IOC.NS,0.02702702702702703,-0.05524861438209461,-0.05824861438209461,8.108108108108109e-05
2026-02-24,2026-03-04,MRPL.NS,0.02702702702702703,-0.022727245193448375,-0.025727245193448375,8.108108108108109e-05
2026-02-24,2026-03-04,CHENNPETRO.NS,0.02702702702702703,0.10622582768718325,0.10322582768718325,8.108108108108109e-05
2026-02-24,2026-03-04,SAIL.NS,0.02702702702702703,-0.03373566601850264,-0.036735666018502644,8.108108108108109e-05
2026-02-24,2026-03-04,NMDC.NS,0.02702702702702703,-0.043333359706548946,-0.04633335970654895,8.108108108108109e-05
2026-02-24,2026-03-04,NATIONALUM.NS,0.02702702702702703,0.08645537946128345,0.08345537946128345,8.108108108108109e-05
2026-02-24,2026-03-04,VEDL.NS,0.02702702702702703,7.075321464955486e-05,-0.002929246785350445,8.108108108108109e-05
2026-02-24,2026-03-04,CUMMINSIND.NS,0.02702702702702703,-0.06105469496637306,-0.06405469496637306,8.108108108108109e-05
2026-02-24,2026-03-04,HINDZINC.NS,0.02702702702702703,-0.02106994991915656,-0.02406994991915656,8.108108108108109e-05
2026-02-24,2026-03-04,UNIONBANK.NS,0.02702702702702703,-0.04108293875742741,-0.044082938757427415,8.108108108108109e-05
2026-02-24,2026-03-04,KARURVYSYA.NS,0.02702702702702703,-0.07150267196938531,-0.07450267196938531,8.108108108108109e-05
2026-02-24,2026-03-04,SOUTHBANK.NS,0.02702702702702703,-0.02373449265202332,-0.02673449265202332,8.108108108108109e-05
2026-02-24,2026-03-04,M&MFIN.NS,0.02702702702702703,-0.008695751205467284,-0.011695751205467283,8.108108108108109e-05
2026-02-24,2026-03-04,LAURUSLABS.NS,0.02702702702702703,0.0019323550480800922,-0.0010676449519199079,8.108108108108109e-05
2026-02-24,2026-03-04,KEI.NS,0.02702702702702703,0.04618834339686062,0.04318834339686062,8.108108108108109e-05
2026-03-04,2026-03-11,LT.NS,0.02702702702702703,-0.025279010004408242,-0.02827901000440824,8.108108108108109e-05
2026-03-04,2026-03-11,BAJFINANCE.NS,0.02702702702702703,-0.08131526642106468,-0.08431526642106468,8.108108108108109e-05
2026-03-04,2026-03-11,BAJAJFINSV.NS,0.02702702702702703,-0.05843608335302142,-0.06143608335302142,8.108108108108109e-05
2026-03-04,2026-03-11,ADANIPORTS.NS,0.02702702702702703,-0.030887212356052518,-0.03388721235605252,8.108108108108109e-05
2026-03-04,2026-03-11,IDEA.NS,0.02702702702702703,-0.03888329013274139,-0.04188329013274139,8.108108108108109e-05
2026-03-04,2026-03-11,DLF.NS,0.02702702702702703,-0.0053373011651186575,-0.008337301165118657,8.108108108108109e-05
2026-03-04,2026-03-11,VBL.NS,0.02702702702702703,-0.008946962910606149,-0.011946962910606148,8.108108108108109e-05
2026-03-04,2026-03-11,AMBUJACEM.NS,0.02702702702702703,-0.0501043774865938,-0.0531043774865938,8.108108108108109e-05
2026-03-04,2026-03-11,BHEL.NS,0.02702702702702703,0.01661657633009561,0.013616576330095612,8.108108108108109e-05
2026-03-04,2026-03-11,RECLTD.NS,0.02702702702702703,0.0019675731442072575,-0.0010324268557927426,8.108108108108109e-05
2026-03-04,2026-03-11,IRFC.NS,0.02702702702702703,0.007229379585853346,0.004229379585853346,8.108108108108109e-05
2026-03-04,2026-03-11,RVNL.NS,0.02702702702702703,-0.026826532563540062,-0.02982653256354006,8.108108108108109e-05
2026-03-04,2026-03-11,IRCTC.NS,0.02702702702702703,-0.04659307233731602,-0.049593072337316024,8.108108108108109e-05
2026-03-04,2026-03-11,CONCOR.NS,0.02702702702702703,0.010896492445511718,0.00789649244551172,8.108108108108109e-05
2026-03-04,2026-03-11,TATACOMM.NS,0.02702702702702703,-0.011659087660301437,-0.014659087660301436,8.108108108108109e-05
2026-03-04,2026-03-11,ABCAPITAL.NS,0.02702702702702703,-0.01538461538461533,-0.01838461538461533,8.108108108108109e-05
2026-03-04,2026-03-11,HINDPETRO.NS,0.02702702702702703,-0.06785534337724353,-0.07085534337724353,8.108108108108109e-05
2026-03-04,2026-03-11,SJVN.NS,0.02702702702702703,0.029334509396058195,0.026334509396058196,8.108108108108109e-05
2026-03-04,2026-03-11,ESCORTS.NS,0.02702702702702703,0.04010524080230016,0.037105240802300155,8.108108108108109e-05
2026-03-04,2026-03-11,AARTIIND.NS,0.02702702702702703,0.04368931801596765,0.040689318015967646,8.108108108108109e-05
2026-03-04,2026-03-11,COROMANDEL.NS,0.02702702702702703,-0.043405881896845466,-0.04640588189684547,8.108108108108109e-05
2026-03-04,2026-03-11,BATAINDIA.NS,0.02702702702702703,-0.02105051764865873,-0.024050517648658728,8.108108108108109e-05
2026-03-04,2026-03-11,RELAXO.NS,0.02702702702702703,-0.07118904299852324,-0.07418904299852325,8.108108108108109e-05
2026-03-04,2026-03-11,ABFRL.NS,0.02702702702702703,-0.036667105534448075,-0.03966710553444808,8.108108108108109e-05
2026-03-04,2026-03-11,SKFINDIA.NS,0.02702702702702703,-0.029939447923912343,-0.032939447923912346,8.108108108108109e-05
2026-03-04,2026-03-11,BRIGADE.NS,0.02702702702702703,0.008573568084327743,0.005573568084327743,8.108108108108109e-05
2026-03-04,2026-03-11,POONAWALLA.NS,0.02702702702702703,-0.04195804195804198,-0.04495804195804198,8.108108108108109e-05
2026-03-04,2026-03-11,LTF.NS,0.02702702702702703,-0.02518377200696742,-0.02818377200696742,8.108108108108109e-05
2026-03-04,2026-03-11,MANAPPURAM.NS,0.02702702702702703,-0.05642919498421295,-0.05942919498421295,8.108108108108109e-05
2026-03-04,2026-03-11,ANGELONE.NS,0.02702702702702703,-0.034852532185407736,-0.03785253218540774,8.108108108108109e-05
2026-03-04,2026-03-11,CDSL.NS,0.02702702702702703,-0.01631317857807113,-0.01931317857807113,8.108108108108109e-05
2026-03-04,2026-03-11,HUDCO.NS,0.02702702702702703,-0.014990457935231682,-0.01799045793523168,8.108108108108109e-05
2026-03-04,2026-03-11,NBCC.NS,0.02702702702702703,-0.011924040024487992,-0.014924040024487991,8.108108108108109e-05
2026-03-04,2026-03-11,KEC.NS,0.02702702702702703,0.03891937525671385,0.03591937525671385,8.108108108108109e-05
2026-03-04,2026-03-11,SYNGENE.NS,0.02702702702702703,0.013058076775408045,0.010058076775408046,8.108108108108109e-05
2026-03-04,2026-03-11,NAM-INDIA.NS,0.02702702702702703,0.002229798765316815,-0.0007702012346831851,8.108108108108109e-05
2026-03-04,2026-03-11,HDFCAMC.NS,0.02702702702702703,-0.05465117975118816,-0.057651179751188164,8.108108108108109e-05
2026-03-11,2026-03-18,TCS.NS,0.02702702702702703,-0.017399835157721033,-0.020399835157721032,8.108108108108109e-05
2026-03-11,2026-03-18,HDFCBANK.NS,0.02702702702702703,-0.06109009087590911,-0.06409009087590911,8.108108108108109e-05
2026-03-11,2026-03-18,INFY.NS,0.02702702702702703,-0.022239740460440416,-0.025239740460440415,8.108108108108109e-05
2026-03-11,2026-03-18,BHARTIARTL.NS,0.02702702702702703,0.01596308824095205,0.012963088240952051,8.108108108108109e-05
2026-03-11,2026-03-18,ITC.NS,0.02702702702702703,-0.018075204144551216,-0.021075204144551215,8.108108108108109e-05
2026-03-11,2026-03-18,BAJFINANCE.NS,0.02702702702702703,-0.013521157628013314,-0.016521157628013313,8.108108108108109e-05
2026-03-11,2026-03-18,ASIANPAINT.NS,0.02702702702702703,0.005434879584563124,0.0024348795845631236,8.108108108108109e-05
2026-03-11,2026-03-18,HCLTECH.NS,0.02702702702702703,-0.006370367445732605,-0.009370367445732605,8.108108108108109e-05
2026-03-11,2026-03-18,KOTAKBANK.NS,0.02702702702702703,-0.028779840476080065,-0.03177984047608007,8.108108108108109e-05
2026-03-11,2026-03-18,ADANIENT.NS,0.02702702702702703,0.01224491588808796,0.00924491588808796,8.108108108108109e-05
2026-03-11,2026-03-18,BAJAJFINSV.NS,0.02702702702702703,-0.006099993582070029,-0.009099993582070028,8.108108108108109e-05
2026-03-11,2026-03-18,M&M.NS,0.02702702702702703,0.0068055811212053285,0.0038055811212053285,8.108108108108109e-05
2026-03-11,2026-03-18,CIPLA.NS,0.02702702702702703,-0.05373179973950115,-0.056731799739501154,8.108108108108109e-05
2026-03-11,2026-03-18,DLF.NS,0.02702702702702703,-0.028852953586395724,-0.03185295358639573,8.108108108108109e-05
2026-03-11,2026-03-18,TRENT.NS,0.02702702702702703,-0.0008326712420485549,-0.003832671242048555,8.108108108108109e-05
2026-03-11,2026-03-18,CHOLAFIN.NS,0.02702702702702703,-0.031007779498558596,-0.0340077794985586,8.108108108108109e-05
2026-03-11,2026-03-18,SRF.NS,0.02702702702702703,0.012201529530164512,0.009201529530164513,8.108108108108109e-05
2026-03-11,2026-03-18,COLPAL.NS,0.02702702702702703,-0.05387255215238662,-0.056872552152386624,8.108108108108109e-05
2026-03-11,2026-03-18,AMBUJACEM.NS,0.02702702702702703,-0.048351651044368005,-0.05135165104436801,8.108108108108109e-05
2026-03-11,2026-03-18,RVNL.NS,0.02702702702702703,-0.02538995425021351,-0.028389954250213508,8.108108108108109e-05
2026-03-11,2026-03-18,IRCTC.NS,0.02702702702702703,0.007532956685499137,0.004532956685499137,8.108108108108109e-05
2026-03-11,2026-03-18,IDFCFIRSTB.NS,0.02702702702702703,-0.015384686911366074,-0.018384686911366074,8.108108108108109e-05
2026-03-11,2026-03-18,MPHASIS.NS,0.02702702702702703,-0.03579629583513566,-0.038796295835135663,8.108108108108109e-05
2026-03-11,2026-03-18,COFORGE.NS,0.02702702702702703,0.0027100251154723587,-0.00028997488452764137,8.108108108108109e-05
2026-03-11,2026-03-18,PERSISTENT.NS,0.02702702702702703,-0.026243394197194903,-0.0292433941971949,8.108108108108109e-05
2026-03-11,2026-03-18,KPITTECH.NS,0.02702702702702703,-0.0029325738469734297,-0.00593257384697343,8.108108108108109e-05
2026-03-11,2026-03-18,PIIND.NS,0.02702702702702703,-0.02935157577053149,-0.03235157577053149,8.108108108108109e-05
2026-03-11,2026-03-18,COROMANDEL.NS,0.02702702702702703,0.004577299677818614,0.0015772996778186136,8.108108108108109e-05
2026-03-11,2026-03-18,JUBLFOOD.NS,0.02702702702702703,-0.00042559699693778263,-0.0034255969969377827,8.108108108108109e-05
2026-03-11,2026-03-18,METROBRAND.NS,0.02702702702702703,0.02862637586950645,0.02562637586950645,8.108108108108109e-05
2026-03-11,2026-03-18,RELAXO.NS,0.02702702702702703,-0.0809125041534059,-0.0839125041534059,8.108108108108109e-05
2026-03-11,2026-03-18,ABFRL.NS,0.02702702702702703,-0.052478159870164354,-0.055478159870164356,8.108108108108109e-05
2026-03-11,2026-03-18,POLICYBZR.NS,0.02702702702702703,0.04941009796799101,0.046410097967991004,8.108108108108109e-05
2026-03-11,2026-03-18,PRESTIGE.NS,0.02702702702702703,0.01630051541331068,0.01330051541331068,8.108108108108109e-05
2026-03-11,2026-03-18,ANGELONE.NS,0.02702702702702703,0.06481476596270164,0.061814765962701634,8.108108108108109e-05
2026-03-11,2026-03-18,NBCC.NS,0.02702702702702703,0.01171649506708805,0.008716495067088052,8.108108108108109e-05
2026-03-11,2026-03-18,SYNGENE.NS,0.02702702702702703,0.018904996329691004,0.015904996329691005,8.108108108108109e-05
2026-04-21,2026-04-28,HDFCBANK.NS,0.02702702702702703,-0.030246943607152743,-0.033246943607152746,8.108108108108109e-05
2026-04-21,2026-04-28,SBIN.NS,0.02702702702702703,-0.014414388378963805,-0.017414388378963804,8.108108108108109e-05
2026-04-21,2026-04-28,AXISBANK.NS,0.02702702702702703,-0.0547445448130468,-0.057744544813046805,8.108108108108109e-05
2026-04-21,2026-04-28,MARUTI.NS,0.02702702702702703,-0.026910463710150268,-0.029910463710150267,8.108108108108109e-05
2026-04-21,2026-04-28,TITAN.NS,0.02702702702702703,-0.00936870606133644,-0.01236870606133644,8.108108108108109e-05
2026-04-21,2026-04-28,HCLTECH.NS,0.02702702702702703,-0.09072571714528432,-0.09372571714528433,8.108108108108109e-05
2026-04-21,2026-04-28,KOTAKBANK.NS,0.02702702702702703,-0.0002645094234856593,-0.0032645094234856594,8.108108108108109e-05
2026-04-21,2026-04-28,M&M.NS,0.02702702702702703,-0.03549980693435906,-0.03849980693435906,8.108108108108109e-05
2026-04-21,2026-04-28,INDUSINDBK.NS,0.02702702702702703,0.047003559756967794,0.04400355975696779,8.108108108108109e-05
2026-04-21,2026-04-28,ONGC.NS,0.02702702702702703,0.07347217607705914,0.07047217607705913,8.108108108108109e-05
2026-04-21,2026-04-28,EICHERMOT.NS,0.02702702702702703,-0.015107453950809147,-0.018107453950809146,8.108108108108109e-05
2026-04-21,2026-04-28,CIPLA.NS,0.02702702702702703,0.07014683074997441,0.0671468307499744,8.108108108108109e-05
2026-04-21,2026-04-28,BAJAJ-AUTO.NS,0.02702702702702703,-0.02666182467900524,-0.02966182467900524,8.108108108108109e-05
2026-04-21,2026-04-28,YESBANK.NS,0.02702702702702703,0.013657078983912774,0.010657078983912775,8.108108108108109e-05
2026-04-21,2026-04-28,UPL.NS,0.02702702702702703,-0.004456041630546914,-0.007456041630546914,8.108108108108109e-05
2026-04-21,2026-04-28,BANDHANBNK.NS,0.02702702702702703,0.06291426397396682,0.05991426397396682,8.108108108108109e-05
2026-04-21,2026-04-28,PNB.NS,0.02702702702702703,-0.020017597701848855,-0.023017597701848854,8.108108108108109e-05
2026-04-21,2026-04-28,BANKBARODA.NS,0.02702702702702703,-0.04960276494714477,-0.052602764947144776,8.108108108108109e-05
2026-04-21,2026-04-28,CANBK.NS,0.02702702702702703,-0.045249206716140744,-0.04824920671614075,8.108108108108109e-05
2026-04-21,2026-04-28,DABUR.NS,0.02702702702702703,-0.006526552253085849,-0.009526552253085848,8.108108108108109e-05
2026-04-21,2026-04-28,SRF.NS,0.02702702702702703,0.032793583182765706,0.029793583182765707,8.108108108108109e-05
2026-04-21,2026-04-28,AMBUJACEM.NS,0.02702702702702703,0.02249177069520991,0.019491770695209912,8.108108108108109e-05
2026-04-21,2026-04-28,TATACOMM.NS,0.02702702702702703,0.06044606782748829,0.05744606782748829,8.108108108108109e-05
2026-04-21,2026-04-28,IDFCFIRSTB.NS,0.02702702702702703,0.01589635466640238,0.01289635466640238,8.108108108108109e-05
2026-04-21,2026-04-28,RBLBANK.NS,0.02702702702702703,0.009059718593370736,0.006059718593370736,8.108108108108109e-05
2026-04-21,2026-04-28,MPHASIS.NS,0.02702702702702703,-0.044311406033725964,-0.04731140603372597,8.108108108108109e-05
2026-04-21,2026-04-28,PERSISTENT.NS,0.02702702702702703,-0.07528075101429965,-0.07828075101429965,8.108108108108109e-05
2026-04-21,2026-04-28,OIL.NS,0.02702702702702703,0.06837612053181163,0.06537612053181163,8.108108108108109e-05
2026-04-21,2026-04-28,IOC.NS,0.02702702702702703,-0.0022535214729171305,-0.0052535214729171305,8.108108108108109e-05
2026-04-21,2026-04-28,MRPL.NS,0.02702702702702703,-0.034928525835655755,-0.03792852583565576,8.108108108108109e-05
2026-04-21,2026-04-28,ASHOKLEY.NS,0.02702702702702703,-0.04617558466854521,-0.049175584668545214,8.108108108108109e-05
2026-04-21,2026-04-28,APOLLOTYRE.NS,0.02702702702702703,-0.031108621588421204,-0.034108621588421206,8.108108108108109e-05
2026-04-21,2026-04-28,COROMANDEL.NS,0.02702702702702703,-0.013670018558036623,-0.016670018558036622,8.108108108108109e-05
2026-04-21,2026-04-28,ASTRAL.NS,0.02702702702702703,-0.0182231372707381,-0.021223137270738098,8.108108108108109e-05
2026-04-21,2026-04-28,UNIONBANK.NS,0.02702702702702703,-0.10931132127863863,-0.11231132127863863,8.108108108108109e-05
2026-04-21,2026-04-28,SOUTHBANK.NS,0.02702702702702703,0.008849624544761348,0.0058496245447613475,8.108108108108109e-05
2026-04-21,2026-04-28,M&MFIN.NS,0.02702702702702703,0.03448275840734705,0.031482758407347045,8.108108108108109e-05
2026-04-28,2026-05-05,^NSEI,0.02702702702702703,0.0030750680865090363,7.506808650903623e-05,8.108108108108109e-05
2026-04-28,2026-05-05,RELIANCE.NS,0.02702702702702703,0.05100577222346492,0.048005772223464915,8.108108108108109e-05
2026-04-28,2026-05-05,TCS.NS,0.02702702702702703,-0.0037128609336272156,-0.006712860933627216,8.108108108108109e-05
2026-04-28,2026-05-05,HDFCBANK.NS,0.02702702702702703,-0.013176261512203302,-0.0161762615122033,8.108108108108109e-05
2026-04-28,2026-05-05,INFY.NS,0.02702702702702703,0.0246007699660169,0.0216007699660169,8.108108108108109e-05
2026-04-28,2026-05-05,BHARTIARTL.NS,0.02702702702702703,-0.01677494664151724,-0.01977494664151724,8.108108108108109e-05
2026-04-28,2026-05-05,MARUTI.NS,0.02702702702702703,0.03552326544527018,0.03252326544527018,8.108108108108109e-05
2026-04-28,2026-05-05,HCLTECH.NS,0.02702702702702703,0.006666671614353303,0.0036666716143533033,8.108108108108109e-05
2026-04-28,2026-05-05,BAJAJFINSV.NS,0.02702702702702703,0.017997762710892706,0.014997762710892707,8.108108108108109e-05
2026-04-28,2026-05-05,ULTRACEMCO.NS,0.02702702702702703,0.012805365238801159,0.00980536523880116,8.108108108108109e-05
2026-04-28,2026-05-05,M&M.NS,0.02702702702702703,0.04677413108137918,0.043774131081379175,8.108108108108109e-05
2026-04-28,2026-05-05,TECHM.NS,0.02702702702702703,0.03811889068845198,0.035118890688451976,8.108108108108109e-05
2026-04-28,2026-05-05,WIPRO.NS,0.02702702702702703,-0.005308135541525649,-0.008308135541525648,8.108108108108109e-05
2026-04-28,2026-05-05,BPCL.NS,0.02702702702702703,-0.011997346830995848,-0.014997346830995847,8.108108108108109e-05
2026-04-28,2026-05-05,UPL.NS,0.02702702702702703,-0.004475993062177941,-0.007475993062177941,8.108108108108109e-05
2026-04-28,2026-05-05,PNB.NS,0.02702702702702703,-0.010840318174203722,-0.013840318174203722,8.108108108108109e-05
2026-04-28,2026-05-05,BANKBARODA.NS,0.02702702702702703,-0.001857284572243434,-0.004857284572243434,8.108108108108109e-05
2026-04-28,2026-05-05,GODREJCP.NS,0.02702702702702703,0.015798299820127593,0.012798299820127593,8.108108108108109e-05
2026-04-28,2026-05-05,DABUR.NS,0.02702702702702703,0.03551949502085949,0.03251949502085949,8.108108108108109e-05
2026-04-28,2026-05-05,SRF.NS,0.02702702702702703,0.021168180418580818,0.01816818041858082,8.108108108108109e-05
2026-04-28,2026-05-05,SHREECEM.NS,0.02702702702702703,0.0001991641917804543,-0.0028008358082195458,8.108108108108109e-05
2026-04-28,2026-05-05,AMBUJACEM.NS,0.02702702702702703,-0.05423769024249414,-0.057237690242494144,8.108108108108109e-05
2026-04-28,2026-05-05,IRCTC.NS,0.02702702702702703,0.05509641873278226,0.05209641873278226,8.108108108108109e-05
2026-04-28,2026-05-05,TATACOMM.NS,0.02702702702702703,-0.01742375514627581,-0.02042375514627581,8.108108108108109e-05
2026-04-28,2026-05-05,IDFCFIRSTB.NS,0.02702702702702703,0.006954555216509561,0.003954555216509561,8.108108108108109e-05
2026-04-28,2026-05-05,MPHASIS.NS,0.02702702702702703,-0.017206745473542617,-0.020206745473542616,8.108108108108109e-05
2026-04-28,2026-05-05,COFORGE.NS,0.02702702702702703,0.04507777387821821,0.042077773878218205,8.108108108108109e-05
2026-04-28,2026-05-05,PERSISTENT.NS,0.02702702702702703,0.011398947017499106,0.008398947017499107,8.108108108108109e-05
2026-04-28,2026-05-05,ZENSARTECH.NS,0.02702702702702703,-0.018499507210751998,-0.021499507210751997,8.108108108108109e-05
2026-04-28,2026-05-05,KPITTECH.NS,0.02702702702702703,0.0637042179445273,0.060704217944527294,8.108108108108109e-05
2026-04-28,2026-05-05,TATAELXSI.NS,0.02702702702702703,0.025959857785311957,0.022959857785311958,8.108108108108109e-05
2026-04-28,2026-05-05,HINDPETRO.NS,0.02702702702702703,-0.002762721235823773,-0.005762721235823773,8.108108108108109e-05
2026-04-28,2026-05-05,IOC.NS,0.02702702702702703,-0.017863221180088873,-0.020863221180088872,8.108108108108109e-05
2026-04-28,2026-05-05,PETRONET.NS,0.02702702702702703,0.014998654786656518,0.011998654786656519,8.108108108108109e-05
2026-04-28,2026-05-05,APOLLOTYRE.NS,0.02702702702702703,-0.05312316152897356,-0.056123161528973564,8.108108108108109e-05
2026-04-28,2026-05-05,COROMANDEL.NS,0.02702702702702703,-0.0029593533527274563,-0.005959353352727456,8.108108108108109e-05
2026-04-28,2026-05-05,M&MFIN.NS,0.02702702702702703,-0.01737753929848551,-0.02037753929848551,8.108108108108109e-05
2026-05-05,2026-05-12,^NSEI,0.02702702702702703,-0.03345127554714322,-0.036451275547143225,8.108108108108109e-05
2026-05-05,2026-05-12,HDFCBANK.NS,0.02702702702702703,-0.029865187594729337,-0.03286518759472934,8.108108108108109e-05
2026-05-05,2026-05-12,ICICIBANK.NS,0.02702702702702703,-0.0187796279859892,-0.0217796279859892,8.108108108108109e-05
2026-05-05,2026-05-12,BHARTIARTL.NS,0.02702702702702703,-0.04210235731830325,-0.045102357318303254,8.108108108108109e-05
2026-05-05,2026-05-12,ITC.NS,0.02702702702702703,-0.03452676335844751,-0.03752676335844751,8.108108108108109e-05
2026-05-05,2026-05-12,HINDUNILVR.NS,0.02702702702702703,-0.02789698740566482,-0.03089698740566482,8.108108108108109e-05
2026-05-05,2026-05-12,LT.NS,0.02702702702702703,-0.031706076011539186,-0.03470607601153919,8.108108108108109e-05
2026-05-05,2026-05-12,BAJFINANCE.NS,0.02702702702702703,-0.06528494445891553,-0.06828494445891553,8.108108108108109e-05
2026-05-05,2026-05-12,ASIANPAINT.NS,0.02702702702702703,0.03821136105410705,0.03521136105410705,8.108108108108109e-05
2026-05-05,2026-05-12,TATASTEEL.NS,0.02702702702702703,-0.003551409392693383,-0.006551409392693383,8.108108108108109e-05
2026-05-05,2026-05-12,KOTAKBANK.NS,0.02702702702702703,0.01042773364281313,0.007427733642813131,8.108108108108109e-05
2026-05-05,2026-05-12,COALINDIA.NS,0.02702702702702703,-0.022369980012847845,-0.025369980012847845,8.108108108108109e-05
2026-05-05,2026-05-12,BAJAJFINSV.NS,0.02702702702702703,-0.03375687374555547,-0.036756873745555474,8.108108108108109e-05
2026-05-05,2026-05-12,JSWSTEEL.NS,0.02702702702702703,-0.005940512147524335,-0.008940512147524334,8.108108108108109e-05
2026-05-05,2026-05-12,BRITANNIA.NS,0.02702702702702703,-0.09067714909396607,-0.09367714909396607,8.108108108108109e-05
2026-05-05,2026-05-12,BPCL.NS,0.02702702702702703,-0.05300303172646159,-0.056003031726461594,8.108108108108109e-05
2026-05-05,2026-05-12,CIPLA.NS,0.02702702702702703,-0.045447772102443884,-0.04844777210244389,8.108108108108109e-05
2026-05-05,2026-05-12,APOLLOHOSP.NS,0.02702702702702703,0.021829590541772248,0.01882959054177225,8.108108108108109e-05
2026-05-05,2026-05-12,TATACONSUM.NS,0.02702702702702703,0.07681036368416216,0.07381036368416216,8.108108108108109e-05
2026-05-05,2026-05-12,DRREDDY.NS,0.02702702702702703,-0.02839317148354714,-0.031393171483547144,8.108108108108109e-05
2026-05-05,2026-05-12,UPL.NS,0.02702702702702703,-0.02790702222574104,-0.03090702222574104,8.108108108108109e-05
2026-05-05,2026-05-12,DABUR.NS,0.02702702702702703,0.033978404182932076,0.030978404182932077,8.108108108108109e-05
2026-05-05,2026-05-12,SRF.NS,0.02702702702702703,0.05140106331487937,0.04840106331487937,8.108108108108109e-05
2026-05-05,2026-05-12,AMBUJACEM.NS,0.02702702702702703,-0.023714492795311015,-0.026714492795311014,8.108108108108109e-05
2026-05-05,2026-05-12,IRFC.NS,0.02702702702702703,-0.06537665925537084,-0.06837665925537084,8.108108108108109e-05
2026-05-05,2026-05-12,TATACOMM.NS,0.02702702702702703,-0.02153261776960269,-0.02453261776960269,8.108108108108109e-05
2026-05-05,2026-05-12,IDFCFIRSTB.NS,0.02702702702702703,-0.028777006096148305,-0.03177700609614831,8.108108108108109e-05
2026-05-05,2026-05-12,LICHSGFIN.NS,0.02702702702702703,0.00909580574177471,0.0060958057417747095,8.108108108108109e-05
2026-05-05,2026-05-12,MRPL.NS,0.02702702702702703,-0.020916736134306113,-0.023916736134306112,8.108108108108109e-05
2026-05-05,2026-05-12,JINDALSTEL.NS,0.02702702702702703,-0.04166670043137288,-0.044666700431372885,8.108108108108109e-05
2026-05-05,2026-05-12,NMDC.NS,0.02702702702702703,-0.03888888888888886,-0.041888888888888864,8.108108108108109e-05
2026-05-05,2026-05-12,BALKRISIND.NS,0.02702702702702703,-0.03606111443491555,-0.039061114434915556,8.108108108108109e-05
2026-05-05,2026-05-12,APOLLOTYRE.NS,0.02702702702702703,-0.019358872301925678,-0.022358872301925677,8.108108108108109e-05
2026-05-05,2026-05-12,PIIND.NS,0.02702702702702703,-0.008694229902882156,-0.011694229902882155,8.108108108108109e-05
2026-05-05,2026-05-12,COROMANDEL.NS,0.02702702702702703,-0.07360871945525571,-0.07660871945525571,8.108108108108109e-05
2026-05-05,2026-05-12,M&MFIN.NS,0.02702702702702703,0.04180060274984543,0.038800602749845425,8.108108108108109e-05
2026-05-05,2026-05-12,KEC.NS,0.02702702702702703,-0.07261295828180225,-0.07561295828180226,8.108108108108109e-05
2026-05-12,2026-05-19,TCS.NS,0.02702702702702703,0.007762208697348116,0.004762208697348116,8.108108108108109e-05
2026-05-12,2026-05-19,HDFCBANK.NS,0.02702702702702703,0.010106356924678206,0.007106356924678206,8.108108108108109e-05
2026-05-12,2026-05-19,ICICIBANK.NS,0.02702702702702703,-0.006702833177409939,-0.009702833177409938,8.108108108108109e-05
2026-05-12,2026-05-19,MARUTI.NS,0.02702702702702703,-0.025555484532087447,-0.028555484532087446,8.108108108108109e-05
2026-05-12,2026-05-19,HCLTECH.NS,0.02702702702702703,0.017360029226396456,0.014360029226396457,8.108108108108109e-05
2026-05-12,2026-05-19,BAJAJFINSV.NS,0.02702702702702703,-0.009377335401994924,-0.012377335401994923,8.108108108108109e-05
2026-05-12,2026-05-19,ULTRACEMCO.NS,0.02702702702702703,-0.01739132770042162,-0.02039132770042162,8.108108108108109e-05
2026-05-12,2026-05-19,M&M.NS,0.02702702702702703,-0.030856446708730223,-0.033856446708730226,8.108108108108109e-05
2026-05-12,2026-05-19,TECHM.NS,0.02702702702702703,0.043578078787654295,0.04057807878765429,8.108108108108109e-05
2026-05-12,2026-05-19,WIPRO.NS,0.02702702702702703,0.020663986811524815,0.017663986811524816,8.108108108108109e-05
2026-05-12,2026-05-19,BPCL.NS,0.02702702702702703,-0.023219483531083274,-0.026219483531083273,8.108108108108109e-05
2026-05-12,2026-05-19,HEROMOTOCO.NS,0.02702702702702703,-0.029408850247953255,-0.03240885024795326,8.108108108108109e-05
2026-05-12,2026-05-19,UPL.NS,0.02702702702702703,0.0046252931807533315,0.0016252931807533314,8.108108108108109e-05
2026-05-12,2026-05-19,DLF.NS,0.02702702702702703,0.0024615607670832595,-0.0005384392329167405,8.108108108108109e-05
2026-05-12,2026-05-19,CHOLAFIN.NS,0.02702702702702703,-0.0419696791509907,-0.044969679150990705,8.108108108108109e-05
2026-05-12,2026-05-19,HAVELLS.NS,0.02702702702702703,0.007979782328488616,0.004979782328488616,8.108108108108109e-05
2026-05-12,2026-05-19,AMBUJACEM.NS,0.02702702702702703,0.00011679611767090314,-0.002883203882329097,8.108108108108109e-05
2026-05-12,2026-05-19,IRFC.NS,0.02702702702702703,-0.033165859816661425,-0.03616585981666143,8.108108108108109e-05
2026-05-12,2026-05-19,RVNL.NS,0.02702702702702703,-0.04793798095862423,-0.05093798095862423,8.108108108108109e-05
2026-05-12,2026-05-19,IRCTC.NS,0.02702702702702703,-0.008388335922773327,-0.011388335922773326,8.108108108108109e-05
2026-05-12,2026-05-19,IDFCFIRSTB.NS,0.02702702702702703,-0.005333292684774893,-0.008333292684774892,8.108108108108109e-05
2026-05-12,2026-05-19,PERSISTENT.NS,0.02702702702702703,0.038125650952228085,0.03512565095222808,8.108108108108109e-05
2026-05-12,2026-05-19,TATAELXSI.NS,0.02702702702702703,0.02395764307265713,0.020957643072657132,8.108108108108109e-05
2026-05-12,2026-05-19,HINDPETRO.NS,0.02702702702702703,-0.014500531050394727,-0.017500531050394726,8.108108108108109e-05
2026-05-12,2026-05-19,IOC.NS,0.02702702702702703,-0.024130462857019697,-0.027130462857019696,8.108108108108109e-05
2026-05-12,2026-05-19,PETRONET.NS,0.02702702702702703,-0.03053017060674068,-0.033530170606740684,8.108108108108109e-05
2026-05-12,2026-05-19,ASHOKLEY.NS,0.02702702702702703,-0.03815316884215725,-0.04115316884215725,8.108108108108109e-05
2026-05-12,2026-05-19,BALKRISIND.NS,0.02702702702702703,0.002175555217337255,-0.0008244447826627451,8.108108108108109e-05
2026-05-12,2026-05-19,APOLLOTYRE.NS,0.02702702702702703,-0.06488107920042951,-0.06788107920042952,8.108108108108109e-05
2026-05-12,2026-05-19,JUBLFOOD.NS,0.02702702702702703,0.08842513128891705,0.08542513128891704,8.108108108108109e-05
2026-05-12,2026-05-19,RELAXO.NS,0.02702702702702703,0.002586206896551646,-0.000413793103448354,8.108108108108109e-05
2026-05-12,2026-05-19,ABFRL.NS,0.02702702702702703,-0.009569414378269192,-0.012569414378269191,8.108108108108109e-05
2026-05-12,2026-05-19,INDIAMART.NS,0.02702702702702703,-0.008000001341660123,-0.011000001341660123,8.108108108108109e-05
2026-05-12,2026-05-19,DIXON.NS,0.02702702702702703,0.059970745977572015,0.05697074597757201,8.108108108108109e-05
2026-05-12,2026-05-19,PRESTIGE.NS,0.02702702702702703,-0.0019726737553388274,-0.0049726737553388274,8.108108108108109e-05
2026-05-12,2026-05-19,M&MFIN.NS,0.02702702702702703,-0.018518552565996993,-0.021518552565996992,8.108108108108109e-05
2026-05-12,2026-05-19,KEC.NS,0.02702702702702703,-0.1521720504207279,-0.1551720504207279,8.108108108108109e-05
2026-05-19,2026-05-26,^NSEI,0.02702702702702703,0.018037050778543895,0.015037050778543896,8.108108108108109e-05
2026-05-19,2026-05-26,HDFCBANK.NS,0.02702702702702703,0.01303315983574338,0.01003315983574338,8.108108108108109e-05
2026-05-19,2026-05-26,ICICIBANK.NS,0.02702702702702703,0.04552849338843279,0.042528493388432786,8.108108108108109e-05
2026-05-19,2026-05-26,BHARTIARTL.NS,0.02702702702702703,-0.03845347221653961,-0.04145347221653961,8.108108108108109e-05
2026-05-19,2026-05-26,ITC.NS,0.02702702702702703,-0.017137632844911654,-0.020137632844911654,8.108108108108109e-05
2026-05-19,2026-05-26,HINDUNILVR.NS,0.02702702702702703,-0.008899139931387245,-0.011899139931387245,8.108108108108109e-05
2026-05-19,2026-05-26,ASIANPAINT.NS,0.02702702702702703,0.03231856263819877,0.029318562638198768,8.108108108108109e-05
2026-05-19,2026-05-26,SUNPHARMA.NS,0.02702702702702703,-0.00797871614508161,-0.01097871614508161,8.108108108108109e-05
2026-05-19,2026-05-26,KOTAKBANK.NS,0.02702702702702703,0.032553782777531515,0.029553782777531516,8.108108108108109e-05
2026-05-19,2026-05-26,BAJAJFINSV.NS,0.02702702702702703,0.04242425042144027,0.039424250421440266,8.108108108108109e-05
2026-05-19,2026-05-26,ULTRACEMCO.NS,0.02702702702702703,0.030088526248016834,0.027088526248016834,8.108108108108109e-05
2026-05-19,2026-05-26,GRASIM.NS,0.02702702702702703,0.08589508318335404,0.08289508318335403,8.108108108108109e-05
2026-05-19,2026-05-26,BRITANNIA.NS,0.02702702702702703,-0.00929367522686686,-0.012293675226866859,8.108108108108109e-05
2026-05-19,2026-05-26,DIVISLAB.NS,0.02702702702702703,-0.015953534370288125,-0.018953534370288124,8.108108108108109e-05
2026-05-19,2026-05-26,CIPLA.NS,0.02702702702702703,0.018171300342178398,0.015171300342178399,8.108108108108109e-05
2026-05-19,2026-05-26,APOLLOHOSP.NS,0.02702702702702703,0.04025744501158757,0.037257445011587564,8.108108108108109e-05
2026-05-19,2026-05-26,TATACONSUM.NS,0.02702702702702703,-0.005824327887541392,-0.008824327887541391,8.108108108108109e-05
2026-05-19,2026-05-26,DRREDDY.NS,0.02702702702702703,0.004533118860414964,0.001533118860414964,8.108108108108109e-05
2026-05-19,2026-05-26,UPL.NS,0.02702702702702703,0.04445141909231842,0.04145141909231842,8.108108108108109e-05
2026-05-19,2026-05-26,PIDILITIND.NS,0.02702702702702703,0.022986093617377357,0.019986093617377357,8.108108108108109e-05
2026-05-19,2026-05-26,GODREJCP.NS,0.02702702702702703,0.010230172620560252,0.007230172620560252,8.108108108108109e-05
2026-05-19,2026-05-26,DABUR.NS,0.02702702702702703,-0.020119969311551356,-0.023119969311551355,8.108108108108109e-05
2026-05-19,2026-05-26,CHOLAFIN.NS,0.02702702702702703,0.043941406058824795,0.04094140605882479,8.108108108108109e-05
2026-05-19,2026-05-26,SRF.NS,0.02702702702702703,0.05761888139706506,0.054618881397065056,8.108108108108109e-05
2026-05-19,2026-05-26,AMBUJACEM.NS,0.02702702702702703,0.05091077874031713,0.04791077874031713,8.108108108108109e-05
2026-05-19,2026-05-26,IRCTC.NS,0.02702702702702703,0.012071165798777317,0.009071165798777318,8.108108108108109e-05
2026-05-19,2026-05-26,TATACOMM.NS,0.02702702702702703,0.23236414472599254,0.22936414472599254,8.108108108108109e-05
2026-05-19,2026-05-26,MFSL.NS,0.02702702702702703,0.06834687064207134,0.06534687064207134,8.108108108108109e-05
2026-05-19,2026-05-26,APOLLOTYRE.NS,0.02702702702702703,0.0656178345366365,0.0626178345366365,8.108108108108109e-05
2026-05-19,2026-05-26,INDIAMART.NS,0.02702702702702703,0.02338713674319215,0.02038713674319215,8.108108108108109e-05
2026-05-19,2026-05-26,ALKEM.NS,0.02702702702702703,-0.004229895616972956,-0.007229895616972956,8.108108108108109e-05
2026-05-19,2026-05-26,ASTRAL.NS,0.02702702702702703,0.10173162769705835,0.09873162769705834,8.108108108108109e-05
2026-05-19,2026-05-26,BRIGADE.NS,0.02702702702702703,0.02618316037642443,0.02318316037642443,8.108108108108109e-05
2026-05-19,2026-05-26,M&MFIN.NS,0.02702702702702703,-0.03757864266374045,-0.04057864266374045,8.108108108108109e-05
2026-05-19,2026-05-26,KEC.NS,0.02702702702702703,0.08542822634082459,0.08242822634082458,8.108108108108109e-05
2026-05-19,2026-05-26,SYNGENE.NS,0.02702702702702703,-0.006792669178620092,-0.009792669178620091,8.108108108108109e-05
2026-05-19,2026-05-26,NATCOPHARM.NS,0.02702702702702703,0.052259261394051126,0.049259261394051124,8.108108108108109e-05
2026-05-26,2026-06-02,^NSEI,0.02702702702702703,-0.019446967830097583,-0.022446967830097583,8.108108108108109e-05
2026-05-26,2026-06-02,TCS.NS,0.02702702702702703,0.05186810152377719,0.048868101523777185,8.108108108108109e-05
2026-05-26,2026-06-02,INFY.NS,0.02702702702702703,0.0698534857252886,0.0668534857252886,8.108108108108109e-05
2026-05-26,2026-06-02,BHARTIARTL.NS,0.02702702702702703,-0.005705284652766762,-0.008705284652766761,8.108108108108109e-05
2026-05-26,2026-06-02,ASIANPAINT.NS,0.02702702702702703,0.0027600869900832325,-0.0002399130099167675,8.108108108108109e-05
2026-05-26,2026-06-02,HCLTECH.NS,0.02702702702702703,0.06361989141941993,0.060619891419419925,8.108108108108109e-05
2026-05-26,2026-06-02,BAJAJFINSV.NS,0.02702702702702703,-0.037098608825197665,-0.04009860882519767,8.108108108108109e-05
2026-05-26,2026-06-02,ULTRACEMCO.NS,0.02702702702702703,-0.039518918960832705,-0.04251891896083271,8.108108108108109e-05
2026-05-26,2026-06-02,BRITANNIA.NS,0.02702702702702703,-0.03752342112330653,-0.040523421123306536,8.108108108108109e-05
2026-05-26,2026-06-02,APOLLOHOSP.NS,0.02702702702702703,-0.01619550969526584,-0.01919550969526584,8.108108108108109e-05
2026-05-26,2026-06-02,DRREDDY.NS,0.02702702702702703,-0.04520158488573811,-0.048201584885738114,8.108108108108109e-05
2026-05-26,2026-06-02,UPL.NS,0.02702702702702703,-0.025231801869979753,-0.028231801869979752,8.108108108108109e-05
2026-05-26,2026-06-02,GODREJCP.NS,0.02702702702702703,-0.0270690811156582,-0.0300690811156582,8.108108108108109e-05
2026-05-26,2026-06-02,SHREECEM.NS,0.02702702702702703,-0.01732962829572038,-0.020329628295720378,8.108108108108109e-05
2026-05-26,2026-06-02,AMBUJACEM.NS,0.02702702702702703,-0.026222186118092683,-0.029222186118092682,8.108108108108109e-05
2026-05-26,2026-06-02,RVNL.NS,0.02702702702702703,-0.07064483380684683,-0.07364483380684683,8.108108108108109e-05
2026-05-26,2026-06-02,IRCTC.NS,0.02702702702702703,-0.030803951281015984,-0.03380395128101599,8.108108108108109e-05
2026-05-26,2026-06-02,CONCOR.NS,0.02702702702702703,-0.040582741605590056,-0.04358274160559006,8.108108108108109e-05
2026-05-26,2026-06-02,ZENSARTECH.NS,0.02702702702702703,0.06581232463228881,0.06281232463228881,8.108108108108109e-05
2026-05-26,2026-06-02,MRPL.NS,0.02702702702702703,-0.027777758154849064,-0.030777758154849063,8.108108108108109e-05
2026-05-26,2026-06-02,VEDL.NS,0.02702702702702703,-0.0398676060646177,-0.0428676060646177,8.108108108108109e-05
2026-05-26,2026-06-02,ASHOKLEY.NS,0.02702702702702703,-0.06925570148084415,-0.07225570148084415,8.108108108108109e-05
2026-05-26,2026-06-02,ESCORTS.NS,0.02702702702702703,-0.06326527837264162,-0.06626527837264162,8.108108108108109e-05
2026-05-26,2026-06-02,BALKRISIND.NS,0.02702702702702703,-0.03247632581560733,-0.035476325815607335,8.108108108108109e-05
2026-05-26,2026-06-02,MRF.NS,0.02702702702702703,-0.021534835304765187,-0.024534835304765187,8.108108108108109e-05
2026-05-26,2026-06-02,APOLLOTYRE.NS,0.02702702702702703,-0.012492177702126517,-0.015492177702126516,8.108108108108109e-05
2026-05-26,2026-06-02,DEEPAKNTR.NS,0.02702702702702703,-0.029015572689105595,-0.0320155726891056,8.108108108108109e-05
2026-05-26,2026-06-02,PIIND.NS,0.02702702702702703,-0.03973275145705002,-0.04273275145705002,8.108108108108109e-05
2026-05-26,2026-06-02,COROMANDEL.NS,0.02702702702702703,-0.05427321943707564,-0.05727321943707564,8.108108108108109e-05
2026-05-26,2026-06-02,JUBLFOOD.NS,0.02702702702702703,0.004079227546732067,0.001079227546732067,8.108108108108109e-05
2026-05-26,2026-06-02,RELAXO.NS,0.02702702702702703,0.08836204694020311,0.0853620469402031,8.108108108108109e-05
2026-05-26,2026-06-02,NYKAA.NS,0.02702702702702703,0.01128455870274414,0.008284558702744142,8.108108108108109e-05
2026-05-26,2026-06-02,INDIAMART.NS,0.02702702702702703,-0.01989757860741015,-0.022897578607410148,8.108108108108109e-05
2026-05-26,2026-06-02,POONAWALLA.NS,0.02702702702702703,0.0045237957732040535,0.0015237957732040534,8.108108108108109e-05
2026-05-26,2026-06-02,M&MFIN.NS,0.02702702702702703,-0.03839242040856561,-0.04139242040856561,8.108108108108109e-05
2026-05-26,2026-06-02,KEC.NS,0.02702702702702703,-0.024435738065360035,-0.027435738065360035,8.108108108108109e-05
2026-05-26,2026-06-02,KAYNES.NS,0.02702702702702703,-0.038193391936950594,-0.041193391936950596,8.108108108108109e-05
2026-06-02,2026-06-09,^NSEI,0.02702702702702703,-0.007772480128811821,-0.01077248012881182,8.108108108108109e-05
2026-06-02,2026-06-09,ICICIBANK.NS,0.02702702702702703,0.04213465110322123,0.03913465110322123,8.108108108108109e-05
2026-06-02,2026-06-09,SBIN.NS,0.02702702702702703,0.051323734948394595,0.04832373494839459,8.108108108108109e-05
2026-06-02,2026-06-09,AXISBANK.NS,0.02702702702702703,0.03084095078115001,0.027840950781150012,8.108108108108109e-05
2026-06-02,2026-06-09,MARUTI.NS,0.02702702702702703,0.00799141468696929,0.004991414686969289,8.108108108108109e-05
2026-06-02,2026-06-09,BAJAJFINSV.NS,0.02702702702702703,-0.02863712707139865,-0.03163712707139865,8.108108108108109e-05
2026-06-02,2026-06-09,ULTRACEMCO.NS,0.02702702702702703,-0.022898085451631522,-0.02589808545163152,8.108108108108109e-05
2026-06-02,2026-06-09,M&M.NS,0.02702702702702703,-0.005340407406844716,-0.008340407406844715,8.108108108108109e-05
2026-06-02,2026-06-09,BRITANNIA.NS,0.02702702702702703,-0.0038986562870166885,-0.006898656287016689,8.108108108108109e-05
2026-06-02,2026-06-09,EICHERMOT.NS,0.02702702702702703,0.004412043406044397,0.0014120434060443969,8.108108108108109e-05
2026-06-02,2026-06-09,BPCL.NS,0.02702702702702703,-0.017006802721088454,-0.020006802721088453,8.108108108108109e-05
2026-06-02,2026-06-09,HEROMOTOCO.NS,0.02702702702702703,-0.0011119980674524355,-0.0041119980674524355,8.108108108108109e-05
2026-06-02,2026-06-09,PNB.NS,0.02702702702702703,0.05759059302105718,0.05459059302105718,8.108108108108109e-05
2026-06-02,2026-06-09,BANKBARODA.NS,0.02702702702702703,0.06950684093975501,0.06650684093975501,8.108108108108109e-05
2026-06-02,2026-06-09,GODREJCP.NS,0.02702702702702703,0.01881503438494181,0.01581503438494181,8.108108108108109e-05
2026-06-02,2026-06-09,CHOLAFIN.NS,0.02702702702702703,-0.0028781762837718494,-0.0058781762837718495,8.108108108108109e-05
2026-06-02,2026-06-09,TVSMOTOR.NS,0.02702702702702703,-0.0029761904761904656,-0.005976190476190466,8.108108108108109e-05
2026-06-02,2026-06-09,HAVELLS.NS,0.02702702702702703,-0.02854241526050083,-0.03154241526050083,8.108108108108109e-05
2026-06-02,2026-06-09,RVNL.NS,0.02702702702702703,-0.02858326894561225,-0.03158326894561225,8.108108108108109e-05
2026-06-02,2026-06-09,MFSL.NS,0.02702702702702703,0.01101598909035939,0.008015989090359391,8.108108108108109e-05
2026-06-02,2026-06-09,HINDPETRO.NS,0.02702702702702703,0.00699391799562199,0.00399391799562199,8.108108108108109e-05
2026-06-02,2026-06-09,IOC.NS,0.02702702702702703,-0.0004342200708896682,-0.0034342200708896682,8.108108108108109e-05
2026-06-02,2026-06-09,MRPL.NS,0.02702702702702703,0.09394556162308665,0.09094556162308665,8.108108108108109e-05
2026-06-02,2026-06-09,PETRONET.NS,0.02702702702702703,-0.010007303397034928,-0.013007303397034927,8.108108108108109e-05
2026-06-02,2026-06-09,NHPC.NS,0.02702702702702703,-0.023292596853839775,-0.026292596853839775,8.108108108108109e-05
2026-06-02,2026-06-09,VEDL.NS,0.02702702702702703,-0.08169690000682539,-0.08469690000682539,8.108108108108109e-05
2026-06-02,2026-06-09,ASHOKLEY.NS,0.02702702702702703,-0.014199309078227751,-0.01719930907822775,8.108108108108109e-05
2026-06-02,2026-06-09,ESCORTS.NS,0.02702702702702703,0.01670295719958048,0.013702957199580482,8.108108108108109e-05
2026-06-02,2026-06-09,BALKRISIND.NS,0.02702702702702703,-0.006992920158045313,-0.009992920158045312,8.108108108108109e-05
2026-06-02,2026-06-09,MRF.NS,0.02702702702702703,-0.015606213261983415,-0.018606213261983414,8.108108108108109e-05
2026-06-02,2026-06-09,APOLLOTYRE.NS,0.02702702702702703,0.003066768175391976,6.676817539197615e-05,8.108108108108109e-05
2026-06-02,2026-06-09,COROMANDEL.NS,0.02702702702702703,0.03772502932620281,0.034725029326202805,8.108108108108109e-05
2026-06-02,2026-06-09,ABFRL.NS,0.02702702702702703,-0.027174765461132733,-0.030174765461132732,8.108108108108109e-05
2026-06-02,2026-06-09,INDIAMART.NS,0.02702702702702703,0.011105507711728357,0.008105507711728358,8.108108108108109e-05
2026-06-02,2026-06-09,VOLTAS.NS,0.02702702702702703,0.04895946667371942,0.04595946667371942,8.108108108108109e-05
2026-06-02,2026-06-09,UNIONBANK.NS,0.02702702702702703,0.03652221178860149,0.033522211788601486,8.108108108108109e-05
2026-06-02,2026-06-09,KEC.NS,0.02702702702702703,-0.010159919615096213,-0.013159919615096213,8.108108108108109e-05
2026-06-09,2026-06-16,TCS.NS,0.02702702702702703,0.02682101440230933,0.02382101440230933,8.108108108108109e-05
2026-06-09,2026-06-16,HDFCBANK.NS,0.02702702702702703,0.06945009798800106,0.06645009798800106,8.108108108108109e-05
2026-06-09,2026-06-16,INFY.NS,0.02702702702702703,-0.009568119834095445,-0.012568119834095445,8.108108108108109e-05
2026-06-09,2026-06-16,SBIN.NS,0.02702702702702703,0.014261481618508487,0.011261481618508488,8.108108108108109e-05
2026-06-09,2026-06-16,HCLTECH.NS,0.02702702702702703,0.02471942646758829,0.02171942646758829,8.108108108108109e-05
2026-06-09,2026-06-16,TATASTEEL.NS,0.02702702702702703,-0.010599210089667577,-0.013599210089667576,8.108108108108109e-05
2026-06-09,2026-06-16,COALINDIA.NS,0.02702702702702703,-0.03073952926285739,-0.03373952926285739,8.108108108108109e-05
2026-06-09,2026-06-16,BAJAJFINSV.NS,0.02702702702702703,0.06085718296986875,0.05785718296986875,8.108108108108109e-05
2026-06-09,2026-06-16,JSWSTEEL.NS,0.02702702702702703,0.011058457600526816,0.008058457600526817,8.108108108108109e-05
2026-06-09,2026-06-16,M&M.NS,0.02702702702702703,0.055369050935720976,0.05236905093572097,8.108108108108109e-05
2026-06-09,2026-06-16,ONGC.NS,0.02702702702702703,-0.05019305516553774,-0.05319305516553774,8.108108108108109e-05
2026-06-09,2026-06-16,WIPRO.NS,0.02702702702702703,0.010433854915518959,0.0074338549155189585,8.108108108108109e-05
2026-06-09,2026-06-16,BRITANNIA.NS,0.02702702702702703,0.02152637168427529,0.018526371684275292,8.108108108108109e-05
2026-06-09,2026-06-16,BPCL.NS,0.02702702702702703,0.09342560553633228,0.09042560553633228,8.108108108108109e-05
2026-06-09,2026-06-16,HEROMOTOCO.NS,0.02702702702702703,0.04069599333139173,0.03769599333139173,8.108108108108109e-05
2026-06-09,2026-06-16,IDEA.NS,0.02702702702702703,0.02464791451908055,0.02164791451908055,8.108108108108109e-05
2026-06-09,2026-06-16,BEL.NS,0.02702702702702703,-0.014527855022769876,-0.017527855022769875,8.108108108108109e-05
2026-06-09,2026-06-16,TVSMOTOR.NS,0.02702702702702703,0.03131340368470159,0.02831340368470159,8.108108108108109e-05
2026-06-09,2026-06-16,HAVELLS.NS,0.02702702702702703,0.03242344051306034,0.029423440513060343,8.108108108108109e-05
2026-06-09,2026-06-16,AMBUJACEM.NS,0.02702702702702703,0.033818044746452225,0.030818044746452226,8.108108108108109e-05
2026-06-09,2026-06-16,RVNL.NS,0.02702702702702703,0.032835790534184506,0.029835790534184507,8.108108108108109e-05
2026-06-09,2026-06-16,ZENSARTECH.NS,0.02702702702702703,-0.0012827654938274424,-0.0042827654938274425,8.108108108108109e-05
2026-06-09,2026-06-16,JINDALSTEL.NS,0.02702702702702703,-0.006277282695525743,-0.009277282695525742,8.108108108108109e-05
2026-06-09,2026-06-16,NMDC.NS,0.02702702702702703,-0.020555538601345513,-0.023555538601345512,8.108108108108109e-05
2026-06-09,2026-06-16,VEDL.NS,0.02702702702702703,-0.023832804713994626,-0.026832804713994626,8.108108108108109e-05
2026-06-09,2026-06-16,ESCORTS.NS,0.02702702702702703,0.013785743714908927,0.010785743714908928,8.108108108108109e-05
2026-06-09,2026-06-16,MRF.NS,0.02702702702702703,0.04829262424707159,0.04529262424707159,8.108108108108109e-05
2026-06-09,2026-06-16,APOLLOTYRE.NS,0.02702702702702703,0.08025476846931934,0.07725476846931933,8.108108108108109e-05
2026-06-09,2026-06-16,AARTIIND.NS,0.02702702702702703,0.12783831061685147,0.12483831061685147,8.108108108108109e-05
2026-06-09,2026-06-16,JUBLFOOD.NS,0.02702702702702703,-4.035454659323534e-08,-0.0030000403545465933,8.108108108108109e-05
2026-06-09,2026-06-16,ASTRAL.NS,0.02702702702702703,0.023627221640397877,0.020627221640397878,8.108108108108109e-05
2026-06-09,2026-06-16,POONAWALLA.NS,0.02702702702702703,0.040394823483226094,0.03739482348322609,8.108108108108109e-05
2026-06-09,2026-06-16,M&MFIN.NS,0.02702702702702703,0.04973730939632026,0.04673730939632026,8.108108108108109e-05
2026-06-09,2026-06-16,MCX.NS,0.02702702702702703,0.019434657239523645,0.016434657239523646,8.108108108108109e-05
2026-06-09,2026-06-16,KEC.NS,0.02702702702702703,0.07682923263305597,0.07382923263305596,8.108108108108109e-05
2026-06-09,2026-06-16,KAYNES.NS,0.02702702702702703,0.03672200436455175,0.03372200436455175,8.108108108108109e-05
2026-06-09,2026-06-16,NATCOPHARM.NS,0.02702702702702703,-0.019268475497122517,-0.022268475497122516,8.108108108108109e-05
2026-06-16,2026-06-23,SBIN.NS,0.02702702702702703,0.0068829891838742,0.0038829891838741996,8.108108108108109e-05
2026-06-16,2026-06-23,TITAN.NS,0.02702702702702703,-0.00829873083043775,-0.01129873083043775,8.108108108108109e-05
2026-06-16,2026-06-23,HCLTECH.NS,0.02702702702702703,-0.06107792035291182,-0.06407792035291182,8.108108108108109e-05
2026-06-16,2026-06-23,ADANIENT.NS,0.02702702702702703,0.010243424215052421,0.007243424215052421,8.108108108108109e-05
2026-06-16,2026-06-23,INDUSINDBK.NS,0.02702702702702703,-0.023704107349517112,-0.02670410734951711,8.108108108108109e-05
2026-06-16,2026-06-23,ONGC.NS,0.02702702702702703,-0.006707322030975238,-0.009707322030975237,8.108108108108109e-05
2026-06-16,2026-06-23,BAJAJ-AUTO.NS,0.02702702702702703,-0.01422845691382768,-0.01722845691382768,8.108108108108109e-05
2026-06-16,2026-06-23,IDEA.NS,0.02702702702702703,-0.005498276471294972,-0.00849827647129497,8.108108108108109e-05
2026-06-16,2026-06-23,SIEMENS.NS,0.02702702702702703,0.007375048465722234,0.004375048465722234,8.108108108108109e-05
2026-06-16,2026-06-23,HAL.NS,0.02702702702702703,0.04994748273181271,0.046947482731812706,8.108108108108109e-05
2026-06-16,2026-06-23,BEL.NS,0.02702702702702703,0.03243247266634697,0.02943247266634697,8.108108108108109e-05
2026-06-16,2026-06-23,ABB.NS,0.02702702702702703,0.021862949545643495,0.018862949545643496,8.108108108108109e-05
2026-06-16,2026-06-23,POLYCAB.NS,0.02702702702702703,0.036143087284888464,0.03314308728488846,8.108108108108109e-05
2026-06-16,2026-06-23,HAVELLS.NS,0.02702702702702703,-0.012376822241485286,-0.015376822241485285,8.108108108108109e-05
2026-06-16,2026-06-23,BHEL.NS,0.02702702702702703,0.04398749915304556,0.04098749915304556,8.108108108108109e-05
2026-06-16,2026-06-23,PFC.NS,0.02702702702702703,0.004662074068054078,0.0016620740680540784,8.108108108108109e-05
2026-06-16,2026-06-23,RVNL.NS,0.02702702702702703,-0.013212203886291518,-0.016212203886291517,8.108108108108109e-05
2026-06-16,2026-06-23,AUBANK.NS,0.02702702702702703,-0.008256448809449757,-0.011256448809449756,8.108108108108109e-05
2026-06-16,2026-06-23,OIL.NS,0.02702702702702703,-0.00620527446271768,-0.00920527446271768,8.108108108108109e-05
2026-06-16,2026-06-23,MRPL.NS,0.02702702702702703,-0.07933452579950573,-0.08233452579950573,8.108108108108109e-05
2026-06-16,2026-06-23,CARBORUNIV.NS,0.02702702702702703,0.1300796861195077,0.1270796861195077,8.108108108108109e-05
2026-06-16,2026-06-23,CUMMINSIND.NS,0.02702702702702703,-0.0009551942172212335,-0.003955194217221234,8.108108108108109e-05
2026-06-16,2026-06-23,TIMKEN.NS,0.02702702702702703,0.03734102930847949,0.03434102930847949,8.108108108108109e-05
2026-06-16,2026-06-23,VOLTAS.NS,0.02702702702702703,-0.0009802071780617982,-0.003980207178061798,8.108108108108109e-05
2026-06-16,2026-06-23,BLUESTARCO.NS,0.02702702702702703,0.013831065859608138,0.010831065859608139,8.108108108108109e-05
2026-06-16,2026-06-23,AMBER.NS,0.02702702702702703,-0.0022421524663677195,-0.0052421524663677195,8.108108108108109e-05
2026-06-16,2026-06-23,OBEROIRLTY.NS,0.02702702702702703,0.028470382220415535,0.025470382220415536,8.108108108108109e-05
2026-06-16,2026-06-23,PHOENIXLTD.NS,0.02702702702702703,-0.017809603073851932,-0.02080960307385193,8.108108108108109e-05
2026-06-16,2026-06-23,GODREJPROP.NS,0.02702702702702703,0.022171446247907456,0.019171446247907457,8.108108108108109e-05
2026-06-16,2026-06-23,UNIONBANK.NS,0.02702702702702703,0.020524787390048482,0.017524787390048483,8.108108108108109e-05
2026-06-16,2026-06-23,MAHABANK.NS,0.02702702702702703,-0.0050991155608179906,-0.00809911556081799,8.108108108108109e-05
2026-06-16,2026-06-23,ANGELONE.NS,0.02702702702702703,-0.02271758857183337,-0.02571758857183337,8.108108108108109e-05
2026-06-16,2026-06-23,MCX.NS,0.02702702702702703,-0.022530345491182713,-0.025530345491182712,8.108108108108109e-05
2026-06-16,2026-06-23,BSE.NS,0.02702702702702703,-0.05746409561887167,-0.06046409561887167,8.108108108108109e-05
2026-06-16,2026-06-23,NATCOPHARM.NS,0.02702702702702703,0.05188235053905199,0.04888235053905199,8.108108108108109e-05
2026-06-16,2026-06-23,NAM-INDIA.NS,0.02702702702702703,0.017701404730959824,0.014701404730959825,8.108108108108109e-05
2026-06-16,2026-06-23,KEI.NS,0.02702702702702703,0.029281767955801064,0.026281767955801064,8.108108108108109e-05
2026-06-23,2026-06-30,^NSEI,0.02702702702702703,0.004280150532074201,0.0012801505320742005,8.108108108108109e-05
2026-06-23,2026-06-30,TCS.NS,0.02702702702702703,-0.01023770416631864,-0.013237704166318639,8.108108108108109e-05
2026-06-23,2026-06-30,INFY.NS,0.02702702702702703,-0.033528699774705295,-0.0365286997747053,8.108108108108109e-05
2026-06-23,2026-06-30,SUNPHARMA.NS,0.02702702702702703,0.00529982566434839,0.00229982566434839,8.108108108108109e-05
2026-06-23,2026-06-30,ADANIENT.NS,0.02702702702702703,0.017635428273858,0.014635428273858001,8.108108108108109e-05
2026-06-23,2026-06-30,HINDALCO.NS,0.02702702702702703,-0.02067895635383621,-0.023678956353836208,8.108108108108109e-05
2026-06-23,2026-06-30,WIPRO.NS,0.02702702702702703,-0.002915459858374825,-0.005915459858374825,8.108108108108109e-05
2026-06-23,2026-06-30,DIVISLAB.NS,0.02702702702702703,-0.022370400042951877,-0.025370400042951876,8.108108108108109e-05
2026-06-23,2026-06-30,APOLLOHOSP.NS,0.02702702702702703,0.021294068877010908,0.01829406887701091,8.108108108108109e-05
2026-06-23,2026-06-30,DRREDDY.NS,0.02702702702702703,0.03129777357602337,0.02829777357602337,8.108108108108109e-05
2026-06-23,2026-06-30,IDEA.NS,0.02702702702702703,-0.0006911008083823056,-0.0036911008083823056,8.108108108108109e-05
2026-06-23,2026-06-30,BANDHANBNK.NS,0.02702702702702703,-0.012094794096555006,-0.015094794096555005,8.108108108108109e-05
2026-06-23,2026-06-30,VBL.NS,0.02702702702702703,0.003153385206544179,0.00015338520654417914,8.108108108108109e-05
2026-06-23,2026-06-30,SIEMENS.NS,0.02702702702702703,-0.02220713351171566,-0.02520713351171566,8.108108108108109e-05
2026-06-23,2026-06-30,ABB.NS,0.02702702702702703,-0.017910641470338717,-0.020910641470338717,8.108108108108109e-05
2026-06-23,2026-06-30,POLYCAB.NS,0.02702702702702703,0.008030303030303054,0.005030303030303054,8.108108108108109e-05
2026-06-23,2026-06-30,BHEL.NS,0.02702702702702703,0.03739717795386199,0.03439717795386199,8.108108108108109e-05
2026-06-23,2026-06-30,LUPIN.NS,0.02702702702702703,0.027942486538342193,0.024942486538342194,8.108108108108109e-05
2026-06-23,2026-06-30,RBLBANK.NS,0.02702702702702703,-0.006993914902225118,-0.009993914902225117,8.108108108108109e-05
2026-06-23,2026-06-30,JINDALSTEL.NS,0.02702702702702703,-0.028345700252451422,-0.031345700252451425,8.108108108108109e-05
2026-06-23,2026-06-30,SAIL.NS,0.02702702702702703,0.028781711836794788,0.02578171183679479,8.108108108108109e-05
2026-06-23,2026-06-30,NATIONALUM.NS,0.02702702702702703,-0.04263450098491728,-0.04563450098491728,8.108108108108109e-05
2026-06-23,2026-06-30,VEDL.NS,0.02702702702702703,-0.0007119138577714734,-0.0037119138577714735,8.108108108108109e-05
2026-06-23,2026-06-30,CARBORUNIV.NS,0.02702702702702703,-0.01636069804742213,-0.019360698047422128,8.108108108108109e-05
2026-06-23,2026-06-30,HINDZINC.NS,0.02702702702702703,-0.016543460641462615,-0.019543460641462614,8.108108108108109e-05
2026-06-23,2026-06-30,GLENMARK.NS,0.02702702702702703,0.010442985749724354,0.007442985749724354,8.108108108108109e-05
2026-06-23,2026-06-30,MAHABANK.NS,0.02702702702702703,0.04498857415658253,0.041988574156582525,8.108108108108109e-05
2026-06-23,2026-06-30,SOUTHBANK.NS,0.02702702702702703,3.853959440469623e-08,-0.0029999614604055954,8.108108108108109e-05
2026-06-23,2026-06-30,ANGELONE.NS,0.02702702702702703,-0.03508774158720673,-0.038087741587206736,8.108108108108109e-05
2026-06-23,2026-06-30,MCX.NS,0.02702702702702703,0.013652432797232494,0.010652432797232495,8.108108108108109e-05
2026-06-23,2026-06-30,BSE.NS,0.02702702702702703,-0.017716656641065476,-0.020716656641065475,8.108108108108109e-05
2026-06-23,2026-06-30,RAYMOND.NS,0.02702702702702703,-0.02829954397124612,-0.031299543971246124,8.108108108108109e-05
2026-06-23,2026-06-30,LAURUSLABS.NS,0.02702702702702703,0.027628032345013542,0.024628032345013543,8.108108108108109e-05
2026-06-23,2026-06-30,ZYDUSLIFE.NS,0.02702702702702703,-0.006694058419369098,-0.009694058419369097,8.108108108108109e-05
2026-06-23,2026-06-30,NATCOPHARM.NS,0.02702702702702703,0.051112824057009565,0.04811282405700956,8.108108108108109e-05
2026-06-23,2026-06-30,NAM-INDIA.NS,0.02702702702702703,0.0027758761439418134,-0.0002241238560581867,8.108108108108109e-05
2026-06-23,2026-06-30,KEI.NS,0.02702702702702703,-0.024154589371980673,-0.027154589371980672,8.108108108108109e-05
2026-06-30,2026-07-07,LT.NS,0.02702702702702703,-0.04360671494583224,-0.04660671494583224,8.108108108108109e-05
2026-06-30,2026-07-07,SUNPHARMA.NS,0.02702702702702703,0.01655572745816558,0.013555727458165582,8.108108108108109e-05
2026-06-30,2026-07-07,EICHERMOT.NS,0.02702702702702703,0.04827879691007797,0.04527879691007797,8.108108108108109e-05
2026-06-30,2026-07-07,DIVISLAB.NS,0.02702702702702703,0.02803455323165127,0.025034553231651272,8.108108108108109e-05
2026-06-30,2026-07-07,APOLLOHOSP.NS,0.02702702702702703,0.013708069131734169,0.01070806913173417,8.108108108108109e-05
2026-06-30,2026-07-07,DRREDDY.NS,0.02702702702702703,0.0044411336951863944,0.0014411336951863944,8.108108108108109e-05
2026-06-30,2026-07-07,YESBANK.NS,0.02702702702702703,-0.015257766566325714,-0.018257766566325714,8.108108108108109e-05
2026-06-30,2026-07-07,IDEA.NS,0.02702702702702703,-0.0428768937706403,-0.045876893770640303,8.108108108108109e-05
2026-06-30,2026-07-07,BANDHANBNK.NS,0.02702702702702703,0.0036238742475382946,0.0006238742475382945,8.108108108108109e-05
2026-06-30,2026-07-07,SIEMENS.NS,0.02702702702702703,-0.035218125354654295,-0.0382181253546543,8.108108108108109e-05
2026-06-30,2026-07-07,ABB.NS,0.02702702702702703,-0.019514600527936854,-0.022514600527936853,8.108108108108109e-05
2026-06-30,2026-07-07,POLYCAB.NS,0.02702702702702703,-0.06327972343303778,-0.06627972343303778,8.108108108108109e-05
2026-06-30,2026-07-07,BHEL.NS,0.02702702702702703,-0.10117760552290644,-0.10417760552290645,8.108108108108109e-05
2026-06-30,2026-07-07,PFC.NS,0.02702702702702703,-0.04104130193032174,-0.04404130193032174,8.108108108108109e-05
2026-06-30,2026-07-07,TATACOMM.NS,0.02702702702702703,-0.03242668487046063,-0.035426684870460634,8.108108108108109e-05
2026-06-30,2026-07-07,LUPIN.NS,0.02702702702702703,0.0265651096328976,0.0235651096328976,8.108108108108109e-05
2026-06-30,2026-07-07,MFSL.NS,0.02702702702702703,0.010379762287381356,0.0073797622873813555,8.108108108108109e-05
2026-06-30,2026-07-07,NATIONALUM.NS,0.02702702702702703,0.006657735279109067,0.003657735279109067,8.108108108108109e-05
2026-06-30,2026-07-07,INDIAMART.NS,0.02702702702702703,0.006792058516196464,0.003792058516196464,8.108108108108109e-05
2026-06-30,2026-07-07,CARBORUNIV.NS,0.02702702702702703,-0.066109478258497,-0.069109478258497,8.108108108108109e-05
2026-06-30,2026-07-07,TIMKEN.NS,0.02702702702702703,-0.0656179421434322,-0.0686179421434322,8.108108108108109e-05
2026-06-30,2026-07-07,GLENMARK.NS,0.02702702702702703,0.032143509650932156,0.029143509650932157,8.108108108108109e-05
2026-06-30,2026-07-07,ASTRAL.NS,0.02702702702702703,0.014936450218719255,0.011936450218719256,8.108108108108109e-05
2026-06-30,2026-07-07,OBEROIRLTY.NS,0.02702702702702703,0.06567578661116813,0.06267578661116813,8.108108108108109e-05
2026-06-30,2026-07-07,MAHABANK.NS,0.02702702702702703,-0.0941689306773672,-0.0971689306773672,8.108108108108109e-05
2026-06-30,2026-07-07,J&KBANK.NS,0.02702702702702703,0.062391363039913106,0.0593913630399131,8.108108108108109e-05
2026-06-30,2026-07-07,KARURVYSYA.NS,0.02702702702702703,0.02797924485307024,0.02497924485307024,8.108108108108109e-05
2026-06-30,2026-07-07,SOUTHBANK.NS,0.02702702702702703,0.03820961267775891,0.035209612677758906,8.108108108108109e-05
2026-06-30,2026-07-07,ANGELONE.NS,0.02702702702702703,0.015151566041264664,0.012151566041264664,8.108108108108109e-05
2026-06-30,2026-07-07,MCX.NS,0.02702702702702703,-0.09043201227222852,-0.09343201227222853,8.108108108108109e-05
2026-06-30,2026-07-07,BSE.NS,0.02702702702702703,-0.05943154578298371,-0.06243154578298371,8.108108108108109e-05
2026-06-30,2026-07-07,HUDCO.NS,0.02702702702702703,-0.005273251377674093,-0.008273251377674092,8.108108108108109e-05
2026-06-30,2026-07-07,LAURUSLABS.NS,0.02702702702702703,-0.03285244300717216,-0.03585244300717216,8.108108108108109e-05
2026-06-30,2026-07-07,ZYDUSLIFE.NS,0.02702702702702703,0.030281133415347217,0.027281133415347218,8.108108108108109e-05
2026-06-30,2026-07-07,NAM-INDIA.NS,0.02702702702702703,0.009760775075343675,0.006760775075343675,8.108108108108109e-05
2026-06-30,2026-07-07,TIINDIA.NS,0.02702702702702703,-0.022918743359276572,-0.02591874335927657,8.108108108108109e-05
2026-06-30,2026-07-07,KEI.NS,0.02702702702702703,-0.06765676567656764,-0.07065676567656765,8.108108108108109e-05
2026-07-07,2026-07-14,^NSEI,0.02702702702702703,-0.007160114935403139,-0.010160114935403138,8.108108108108109e-05
2026-07-07,2026-07-14,TCS.NS,0.02702702702702703,0.04394485584929053,0.04094485584929053,8.108108108108109e-05
2026-07-07,2026-07-14,ICICIBANK.NS,0.02702702702702703,0.0018435689783042886,-0.0011564310216957115,8.108108108108109e-05
2026-07-07,2026-07-14,INFY.NS,0.02702702702702703,0.006623729288390168,0.0036237292883901677,8.108108108108109e-05
2026-07-07,2026-07-14,SBIN.NS,0.02702702702702703,-0.013694615307185964,-0.016694615307185964,8.108108108108109e-05
2026-07-07,2026-07-14,HINDUNILVR.NS,0.02702702702702703,-0.03547066848567526,-0.03847066848567526,8.108108108108109e-05
2026-07-07,2026-07-14,AXISBANK.NS,0.02702702702702703,-0.011142707264333307,-0.014142707264333306,8.108108108108109e-05
2026-07-07,2026-07-14,ASIANPAINT.NS,0.02702702702702703,-0.011843455935108937,-0.014843455935108937,8.108108108108109e-05
2026-07-07,2026-07-14,SUNPHARMA.NS,0.02702702702702703,0.02678571428571419,0.02378571428571419,8.108108108108109e-05
2026-07-07,2026-07-14,HCLTECH.NS,0.02702702702702703,-0.006867007929630797,-0.009867007929630797,8.108108108108109e-05
2026-07-07,2026-07-14,ULTRACEMCO.NS,0.02702702702702703,-0.004499837093845271,-0.0074998370938452715,8.108108108108109e-05
2026-07-07,2026-07-14,GRASIM.NS,0.02702702702702703,-0.017013270288525062,-0.02001327028852506,8.108108108108109e-05
2026-07-07,2026-07-14,WIPRO.NS,0.02702702702702703,0.012254327638179685,0.009254327638179686,8.108108108108109e-05
2026-07-07,2026-07-14,BRITANNIA.NS,0.02702702702702703,-0.01820702402957486,-0.021207024029574858,8.108108108108109e-05
2026-07-07,2026-07-14,DIVISLAB.NS,0.02702702702702703,0.07016507422928209,0.06716507422928208,8.108108108108109e-05
2026-07-07,2026-07-14,CIPLA.NS,0.02702702702702703,-0.004334995263507446,-0.007334995263507446,8.108108108108109e-05
2026-07-07,2026-07-14,APOLLOHOSP.NS,0.02702702702702703,0.016875103006413816,0.013875103006413817,8.108108108108109e-05
2026-07-07,2026-07-14,DRREDDY.NS,0.02702702702702703,-0.07367624811113904,-0.07667624811113904,8.108108108108109e-05
2026-07-07,2026-07-14,BAJAJ-AUTO.NS,0.02702702702702703,0.012909632571995955,0.009909632571995956,8.108108108108109e-05
2026-07-07,2026-07-14,YESBANK.NS,0.02702702702702703,-0.007956391682841457,-0.010956391682841456,8.108108108108109e-05
2026-07-07,2026-07-14,DLF.NS,0.02702702702702703,0.0378670601756399,0.0348670601756399,8.108108108108109e-05
2026-07-07,2026-07-14,SRF.NS,0.02702702702702703,-0.018919284040526674,-0.021919284040526673,8.108108108108109e-05
2026-07-07,2026-07-14,COLPAL.NS,0.02702702702702703,-0.03033220991815122,-0.03333220991815122,8.108108108108109e-05
2026-07-07,2026-07-14,AUBANK.NS,0.02702702702702703,-0.016132017185876868,-0.019132017185876867,8.108108108108109e-05
2026-07-07,2026-07-14,IDFCFIRSTB.NS,0.02702702702702703,-0.008489346801539344,-0.011489346801539343,8.108108108108109e-05
2026-07-07,2026-07-14,KPITTECH.NS,0.02702702702702703,-0.01645170821134101,-0.01945170821134101,8.108108108108109e-05
2026-07-07,2026-07-14,TATAELXSI.NS,0.02702702702702703,-0.04693822497976796,-0.049938224979767964,8.108108108108109e-05
2026-07-07,2026-07-14,ASHOKLEY.NS,0.02702702702702703,-0.03614675591386518,-0.03914675591386518,8.108108108108109e-05
2026-07-07,2026-07-14,DELHIVERY.NS,0.02702702702702703,0.0005802471817577537,-0.0024197528182422464,8.108108108108109e-05
2026-07-07,2026-07-14,POLICYBZR.NS,0.02702702702702703,-0.011485626226889756,-0.014485626226889755,8.108108108108109e-05
2026-07-07,2026-07-14,AMBER.NS,0.02702702702702703,0.03797216699801198,0.03497216699801198,8.108108108108109e-05
2026-07-07,2026-07-14,GLENMARK.NS,0.02702702702702703,0.021614476737831456,0.018614476737831457,8.108108108108109e-05
2026-07-07,2026-07-14,ALKEM.NS,0.02702702702702703,-0.006074485758629011,-0.00907448575862901,8.108108108108109e-05
2026-07-07,2026-07-14,MAHABANK.NS,0.02702702702702703,-0.037420293436554286,-0.04042029343655429,8.108108108108109e-05
2026-07-07,2026-07-14,KARURVYSYA.NS,0.02702702702702703,-0.008034194287728558,-0.011034194287728557,8.108108108108109e-05
2026-07-07,2026-07-14,HUDCO.NS,0.02702702702702703,0.0023614813304850824,-0.0006385186695149177,8.108108108108109e-05
2026-07-07,2026-07-14,LAURUSLABS.NS,0.02702702702702703,0.061631312569931485,0.05863131256993148,8.108108108108109e-05
2026-07-14,2026-07-21,^NSEI,0.02702702702702703,0.002682056494692109,-0.00031794350530789123,8.108108108108109e-05
2026-07-14,2026-07-21,SUNPHARMA.NS,0.02702702702702703,-0.008695652173912993,-0.011695652173912992,8.108108108108109e-05
2026-07-14,2026-07-21,TITAN.NS,0.02702702702702703,0.02448783156245926,0.021487831562459262,8.108108108108109e-05
2026-07-14,2026-07-21,ADANIENT.NS,0.02702702702702703,-0.0040688575899843205,-0.0070688575899843205,8.108108108108109e-05
2026-07-14,2026-07-21,DIVISLAB.NS,0.02702702702702703,0.009641914434854515,0.006641914434854515,8.108108108108109e-05
2026-07-14,2026-07-21,CIPLA.NS,0.02702702702702703,-0.016586040082930187,-0.019586040082930186,8.108108108108109e-05
2026-07-14,2026-07-21,APOLLOHOSP.NS,0.02702702702702703,-0.0025144138024196794,-0.0055144138024196794,8.108108108108109e-05
2026-07-14,2026-07-21,DRREDDY.NS,0.02702702702702703,-0.046513471076391255,-0.04951347107639126,8.108108108108109e-05
2026-07-14,2026-07-21,IDEA.NS,0.02702702702702703,-0.029496392709646768,-0.03249639270964677,8.108108108108109e-05
2026-07-14,2026-07-21,BANDHANBNK.NS,0.02702702702702703,-0.09964067385027009,-0.10264067385027009,8.108108108108109e-05
2026-07-14,2026-07-21,PIDILITIND.NS,0.02702702702702703,0.013566901437747747,0.010566901437747748,8.108108108108109e-05
2026-07-14,2026-07-21,BHEL.NS,0.02702702702702703,0.02501353207250956,0.02201353207250956,8.108108108108109e-05
2026-07-14,2026-07-21,TATACOMM.NS,0.02702702702702703,-0.012359017816573337,-0.015359017816573336,8.108108108108109e-05
2026-07-14,2026-07-21,LUPIN.NS,0.02702702702702703,0.013343011729653576,0.010343011729653576,8.108108108108109e-05
2026-07-14,2026-07-21,FEDERALBNK.NS,0.02702702702702703,0.07793003058325731,0.07493003058325731,8.108108108108109e-05
2026-07-14,2026-07-21,ABCAPITAL.NS,0.02702702702702703,0.013399488576884222,0.010399488576884223,8.108108108108109e-05
2026-07-14,2026-07-21,KPITTECH.NS,0.02702702702702703,0.020705234691789975,0.017705234691789976,8.108108108108109e-05
2026-07-14,2026-07-21,CHENNPETRO.NS,0.02702702702702703,0.13790325151439475,0.13490325151439475,8.108108108108109e-05
2026-07-14,2026-07-21,VEDL.NS,0.02702702702702703,-0.01175370856897151,-0.01475370856897151,8.108108108108109e-05
2026-07-14,2026-07-21,GNFC.NS,0.02702702702702703,0.02144011515466615,0.01844011515466615,8.108108108108109e-05
2026-07-14,2026-07-21,INDIAMART.NS,0.02702702702702703,-0.0067708333333332815,-0.00977083333333328,8.108108108108109e-05
2026-07-14,2026-07-21,CARBORUNIV.NS,0.02702702702702703,0.006417987807857184,0.003417987807857184,8.108108108108109e-05
2026-07-14,2026-07-21,TIMKEN.NS,0.02702702702702703,-0.014331222678687361,-0.01733122267868736,8.108108108108109e-05
2026-07-14,2026-07-21,GLENMARK.NS,0.02702702702702703,-0.037219320156809954,-0.04021932015680996,8.108108108108109e-05
2026-07-14,2026-07-21,ALKEM.NS,0.02702702702702703,0.0062887732069953906,0.0032887732069953905,8.108108108108109e-05
2026-07-14,2026-07-21,MAHABANK.NS,0.02702702702702703,0.014999961853027433,0.011999961853027433,8.108108108108109e-05
2026-07-14,2026-07-21,J&KBANK.NS,0.02702702702702703,0.043526803485441246,0.04052680348544124,8.108108108108109e-05
2026-07-14,2026-07-21,KARURVYSYA.NS,0.02702702702702703,0.1309090967480162,0.1279090967480162,8.108108108108109e-05
2026-07-14,2026-07-21,SOUTHBANK.NS,0.02702702702702703,0.034723704566008484,0.03172370456600848,8.108108108108109e-05
2026-07-14,2026-07-21,LTF.NS,0.02702702702702703,-0.03318649888494196,-0.036186498884941964,8.108108108108109e-05
2026-07-14,2026-07-21,MANAPPURAM.NS,0.02702702702702703,0.05630630702996875,0.05330630702996875,8.108108108108109e-05
2026-07-14,2026-07-21,RAYMOND.NS,0.02702702702702703,-0.030399999999999983,-0.033399999999999985,8.108108108108109e-05
2026-07-14,2026-07-21,SYNGENE.NS,0.02702702702702703,-0.01130952380952377,-0.014309523809523769,8.108108108108109e-05
2026-07-14,2026-07-21,LAURUSLABS.NS,0.02702702702702703,0.016093977766021395,0.013093977766021395,8.108108108108109e-05
2026-07-14,2026-07-21,ZYDUSLIFE.NS,0.02702702702702703,-0.006200317433841307,-0.009200317433841306,8.108108108108109e-05
2026-07-14,2026-07-21,NATCOPHARM.NS,0.02702702702702703,-0.023088749822054333,-0.026088749822054332,8.108108108108109e-05
2026-07-14,2026-07-21,NAM-INDIA.NS,0.02702702702702703,-0.027812643486566313,-0.030812643486566312,8.108108108108109e-05
2026-07-21,2026-07-28,RELIANCE.NS,0.02702702702702703,-0.020737327188940058,-0.023737327188940057,8.108108108108109e-05
2026-07-21,2026-07-28,ASIANPAINT.NS,0.02702702702702703,0.02355570300852583,0.02055570300852583,8.108108108108109e-05
2026-07-21,2026-07-28,SUNPHARMA.NS,0.02702702702702703,0.020123839009287936,0.017123839009287937,8.108108108108109e-05
2026-07-21,2026-07-28,ONGC.NS,0.02702702702702703,-0.043824753710597686,-0.04682475371059769,8.108108108108109e-05
2026-07-21,2026-07-28,DIVISLAB.NS,0.02702702702702703,0.01761702003743504,0.014617020037435039,8.108108108108109e-05
2026-07-21,2026-07-28,APOLLOHOSP.NS,0.02702702702702703,0.0006721309659842856,-0.0023278690340157145,8.108108108108109e-05
2026-07-21,2026-07-28,DRREDDY.NS,0.02702702702702703,-0.03946263643996639,-0.042462636439966395,8.108108108108109e-05
2026-07-21,2026-07-28,BAJAJ-AUTO.NS,0.02702702702702703,0.0782280867106504,0.0752280867106504,8.108108108108109e-05
2026-07-21,2026-07-28,IDEA.NS,0.02702702702702703,-0.0348405723742673,-0.0378405723742673,8.108108108108109e-05
2026-07-21,2026-07-28,BANDHANBNK.NS,0.02702702702702703,-0.10082466838752369,-0.10382466838752369,8.108108108108109e-05
2026-07-21,2026-07-28,LUPIN.NS,0.02702702702702703,-0.03607214428857719,-0.03907214428857719,8.108108108108109e-05
2026-07-21,2026-07-28,FEDERALBNK.NS,0.02702702702702703,0.013837902506991684,0.010837902506991685,8.108108108108109e-05
2026-07-21,2026-07-28,RBLBANK.NS,0.02702702702702703,-0.002179865732465869,-0.005179865732465869,8.108108108108109e-05
2026-07-21,2026-07-28,ABCAPITAL.NS,0.02702702702702703,-0.03574928090526919,-0.03874928090526919,8.108108108108109e-05
2026-07-21,2026-07-28,TATAELXSI.NS,0.02702702702702703,0.04456018518518512,0.04156018518518512,8.108108108108109e-05
2026-07-21,2026-07-28,CHENNPETRO.NS,0.02702702702702703,-0.05504369017164934,-0.05804369017164934,8.108108108108109e-05
2026-07-21,2026-07-28,NATIONALUM.NS,0.02702702702702703,-0.02672867476891494,-0.02972867476891494,8.108108108108109e-05
2026-07-21,2026-07-28,BALKRISIND.NS,0.02702702702702703,-0.008333395066045357,-0.011333395066045356,8.108108108108109e-05
2026-07-21,2026-07-28,AARTIIND.NS,0.02702702702702703,-0.049915455072562454,-0.052915455072562456,8.108108108108109e-05
2026-07-21,2026-07-28,NYKAA.NS,0.02702702702702703,-0.003762227238525262,-0.006762227238525262,8.108108108108109e-05
2026-07-21,2026-07-28,AMBER.NS,0.02702702702702703,-0.04776902887139112,-0.05076902887139112,8.108108108108109e-05
2026-07-21,2026-07-28,GLENMARK.NS,0.02702702702702703,-0.014979027483098872,-0.01797902748309887,8.108108108108109e-05
2026-07-21,2026-07-28,OBEROIRLTY.NS,0.02702702702702703,-0.015335000726341086,-0.018335000726341085,8.108108108108109e-05
2026-07-21,2026-07-28,PHOENIXLTD.NS,0.02702702702702703,-0.04935025970601625,-0.052350259706016256,8.108108108108109e-05
2026-07-21,2026-07-28,MAHABANK.NS,0.02702702702702703,-0.01231527139880817,-0.015315271398808169,8.108108108108109e-05
2026-07-21,2026-07-28,J&KBANK.NS,0.02702702702702703,-0.04438504305752844,-0.04738504305752844,8.108108108108109e-05
2026-07-21,2026-07-28,SOUTHBANK.NS,0.02702702702702703,-0.003588044788652711,-0.006588044788652711,8.108108108108109e-05
2026-07-21,2026-07-28,LTF.NS,0.02702702702702703,0.018382930809448084,0.015382930809448084,8.108108108108109e-05
2026-07-21,2026-07-28,ANGELONE.NS,0.02702702702702703,-0.05944434039827362,-0.06244434039827362,8.108108108108109e-05
2026-07-21,2026-07-28,MCX.NS,0.02702702702702703,-0.02745632238560003,-0.03045632238560003,8.108108108108109e-05
2026-07-21,2026-07-28,BSE.NS,0.02702702702702703,-0.05158296943231444,-0.05458296943231444,8.108108108108109e-05
2026-07-21,2026-07-28,RAYMOND.NS,0.02702702702702703,-0.04290429042904287,-0.04590429042904287,8.108108108108109e-05
2026-07-21,2026-07-28,LAURUSLABS.NS,0.02702702702702703,0.10747957259585172,0.10447957259585172,8.108108108108109e-05
2026-07-21,2026-07-28,ZYDUSLIFE.NS,0.02702702702702703,-0.03428233073586351,-0.03728233073586351,8.108108108108109e-05
2026-07-21,2026-07-28,NATCOPHARM.NS,0.02702702702702703,-0.024264673171731865,-0.027264673171731865,8.108108108108109e-05
2026-07-21,2026-07-28,NAM-INDIA.NS,0.02702702702702703,-0.0038776389487289453,-0.006877638948728945,8.108108108108109e-05
2026-07-21,2026-07-28,RADICO.NS,0.02702702702702703,0.06352601226177867,0.06052601226177867,8.108108108108109e-05
2026-07-28,2026-08-04,SUNPHARMA.NS,0.02702702702702703,-0.00465349072932475,-0.00765349072932475,8.108108108108109e-05
2026-07-28,2026-08-04,TITAN.NS,0.02702702702702703,0.012474997951105626,0.009474997951105627,8.108108108108109e-05
2026-07-28,2026-08-04,ADANIENT.NS,0.02702702702702703,0.01232684424745778,0.00932684424745778,8.108108108108109e-05
2026-07-28,2026-08-04,INDUSINDBK.NS,0.02702702702702703,0.03009900263750631,0.027099002637506312,8.108108108108109e-05
2026-07-28,2026-08-04,EICHERMOT.NS,0.02702702702702703,0.019307541875572154,0.016307541875572155,8.108108108108109e-05
2026-07-28,2026-08-04,APOLLOHOSP.NS,0.02702702702702703,0.00862071535789033,0.0056207153578903294,8.108108108108109e-05
2026-07-28,2026-08-04,DRREDDY.NS,0.02702702702702703,0.02430074198262666,0.021300741982626662,8.108108108108109e-05
2026-07-28,2026-08-04,BAJAJ-AUTO.NS,0.02702702702702703,0.019667832167832078,0.01666783216783208,8.108108108108109e-05
2026-07-28,2026-08-04,IDEA.NS,0.02702702702702703,-0.008448587287565812,-0.011448587287565811,8.108108108108109e-05
2026-07-28,2026-08-04,BANDHANBNK.NS,0.02702702702702703,0.03431953322536185,0.03131953322536185,8.108108108108109e-05
2026-07-28,2026-08-04,VBL.NS,0.02702702702702703,0.00863366651386177,0.005633666513861771,8.108108108108109e-05
2026-07-28,2026-08-04,BHEL.NS,0.02702702702702703,0.009681402468213918,0.006681402468213918,8.108108108108109e-05
2026-07-28,2026-08-04,LUPIN.NS,0.02702702702702703,0.0020790020790020236,-0.0009209979209979765,8.108108108108109e-05
2026-07-28,2026-08-04,FEDERALBNK.NS,0.02702702702702703,0.00821728456280324,0.00521728456280324,8.108108108108109e-05
2026-07-28,2026-08-04,RBLBANK.NS,0.02702702702702703,0.04478426311916439,0.04178426311916439,8.108108108108109e-05
2026-07-28,2026-08-04,ABCAPITAL.NS,0.02702702702702703,0.06907062734936154,0.06607062734936153,8.108108108108109e-05
2026-07-28,2026-08-04,CHENNPETRO.NS,0.02702702702702703,0.1223333335317689,0.11933333353176889,8.108108108108109e-05
2026-07-28,2026-08-04,AARTIIND.NS,0.02702702702702703,0.01622188966854532,0.01322188966854532,8.108108108108109e-05
2026-07-28,2026-08-04,NYKAA.NS,0.02702702702702703,0.051359516616314105,0.0483595166163141,8.108108108108109e-05
2026-07-28,2026-08-04,INDIAMART.NS,0.02702702702702703,0.017913818359375,0.014913818359375,8.108108108108109e-05
2026-07-28,2026-08-04,AMBER.NS,0.02702702702702703,0.027012127894156635,0.024012127894156635,8.108108108108109e-05
2026-07-28,2026-08-04,OBEROIRLTY.NS,0.02702702702702703,-0.03588830137054555,-0.03888830137054555,8.108108108108109e-05
2026-07-28,2026-08-04,PHOENIXLTD.NS,0.02702702702702703,-0.025076666377257584,-0.028076666377257583,8.108108108108109e-05
2026-07-28,2026-08-04,MAHABANK.NS,0.02702702702702703,-0.014713221322655512,-0.01771322132265551,8.108108108108109e-05
2026-07-28,2026-08-04,J&KBANK.NS,0.02702702702702703,-0.11410184520346744,-0.11710184520346745,8.108108108108109e-05
2026-07-28,2026-08-04,SOUTHBANK.NS,0.02702702702702703,-0.0006354772519678864,-0.0036354772519678865,8.108108108108109e-05
2026-07-28,2026-08-04,LTF.NS,0.02702702702702703,0.03194888178913735,0.028948881789137352,8.108108108108109e-05
2026-07-28,2026-08-04,MANAPPURAM.NS,0.02702702702702703,0.002629792481829485,-0.0003702075181705152,8.108108108108109e-05
2026-07-28,2026-08-04,ANGELONE.NS,0.02702702702702703,-0.0033003300330033403,-0.00630033003300334,8.108108108108109e-05
2026-07-28,2026-08-04,MCX.NS,0.02702702702702703,-0.019406755199988357,-0.022406755199988356,8.108108108108109e-05
2026-07-28,2026-08-04,BSE.NS,0.02702702702702703,0.05441729428956843,0.05141729428956843,8.108108108108109e-05
2026-07-28,2026-08-04,RAYMOND.NS,0.02702702702702703,0.047413793103448176,0.044413793103448174,8.108108108108109e-05
2026-07-28,2026-08-04,LAURUSLABS.NS,0.02702702702702703,0.05221339387060153,0.04921339387060153,8.108108108108109e-05
2026-07-28,2026-08-04,ZYDUSLIFE.NS,0.02702702702702703,0.02914389799635697,0.026143897996356972,8.108108108108109e-05
2026-07-28,2026-08-04,NAM-INDIA.NS,0.02702702702702703,0.044117647058823595,0.04111764705882359,8.108108108108109e-05
2026-07-28,2026-08-04,TIINDIA.NS,0.02702702702702703,-0.021151784973289733,-0.024151784973289733,8.108108108108109e-05
2026-07-28,2026-08-04,EXIDEIND.NS,0.02702702702702703,0.08490566037735858,0.08190566037735858,8.108108108108109e-05
2026-08-04,2026-08-11,TITAN.NS,0.02702702702702703,0.04435660380923401,0.041356603809234005,8.108108108108109e-05
2026-08-04,2026-08-11,ADANIENT.NS,0.02702702702702703,-0.011456628477905073,-0.014456628477905072,8.108108108108109e-05
2026-08-04,2026-08-11,JSWSTEEL.NS,0.02702702702702703,-0.014258317812140708,-0.017258317812140708,8.108108108108109e-05
2026-08-04,2026-08-11,GRASIM.NS,0.02702702702702703,0.058875776139433844,0.05587577613943384,8.108108108108109e-05
2026-08-04,2026-08-11,EICHERMOT.NS,0.02702702702702703,0.005087939698492416,0.0020879396984924163,8.108108108108109e-05
2026-08-04,2026-08-11,DIVISLAB.NS,0.02702702702702703,0.02866678586328142,0.02566678586328142,8.108108108108109e-05
2026-08-04,2026-08-11,CIPLA.NS,0.02702702702702703,0.0,-0.003,8.108108108108109e-05
2026-08-04,2026-08-11,APOLLOHOSP.NS,0.02702702702702703,-0.028693493819131555,-0.03169349381913156,8.108108108108109e-05
2026-08-04,2026-08-11,BAJAJ-AUTO.NS,0.02702702702702703,0.00548649807115309,0.0024864980711530897,8.108108108108109e-05
2026-08-04,2026-08-11,HAL.NS,0.02702702702702703,0.057746235506210164,0.05474623550621016,8.108108108108109e-05
2026-08-04,2026-08-11,ABB.NS,0.02702702702702703,-0.006052423152091091,-0.00905242315209109,8.108108108108109e-05
2026-08-04,2026-08-11,POLYCAB.NS,0.02702702702702703,-0.008152173913043459,-0.011152173913043458,8.108108108108109e-05
2026-08-04,2026-08-11,BHEL.NS,0.02702702702702703,-0.018084748115718363,-0.021084748115718362,8.108108108108109e-05
2026-08-04,2026-08-11,FEDERALBNK.NS,0.02702702702702703,-0.020444826957174977,-0.023444826957174977,8.108108108108109e-05
2026-08-04,2026-08-11,RBLBANK.NS,0.02702702702702703,0.01855725559396526,0.015557255593965261,8.108108108108109e-05
2026-08-04,2026-08-11,ABCAPITAL.NS,0.02702702702702703,-0.03289787673044087,-0.03589787673044087,8.108108108108109e-05
2026-08-04,2026-08-11,CHENNPETRO.NS,0.02702702702702703,0.09877959772137701,0.09577959772137701,8.108108108108109e-05
2026-08-04,2026-08-11,SAIL.NS,0.02702702702702703,-0.012917945391588304,-0.015917945391588303,8.108108108108109e-05
2026-08-04,2026-08-11,NMDC.NS,0.02702702702702703,0.010235326430376945,0.007235326430376945,8.108108108108109e-05
2026-08-04,2026-08-11,RELAXO.NS,0.02702702702702703,0.024769335865447495,0.021769335865447496,8.108108108108109e-05
2026-08-04,2026-08-11,NYKAA.NS,0.02702702702702703,-0.0635057646652748,-0.0665057646652748,8.108108108108109e-05
2026-08-04,2026-08-11,CARBORUNIV.NS,0.02702702702702703,0.0880590133702166,0.0850590133702166,8.108108108108109e-05
2026-08-04,2026-08-11,CUMMINSIND.NS,0.02702702702702703,-0.03627547813594323,-0.03927547813594323,8.108108108108109e-05
2026-08-04,2026-08-11,MAHABANK.NS,0.02702702702702703,-0.0021513310069246616,-0.005151331006924662,8.108108108108109e-05
2026-08-04,2026-08-11,J&KBANK.NS,0.02702702702702703,-0.0070746960675870385,-0.010074696067587038,8.108108108108109e-05
2026-08-04,2026-08-11,KARURVYSYA.NS,0.02702702702702703,-0.02735119478302528,-0.030351194783025278,8.108108108108109e-05
2026-08-04,2026-08-11,SOUTHBANK.NS,0.02702702702702703,-0.02903767052524875,-0.03203767052524875,8.108108108108109e-05
2026-08-04,2026-08-11,LTF.NS,0.02702702702702703,-0.024767801857585092,-0.02776780185758509,8.108108108108109e-05
2026-08-04,2026-08-11,MANAPPURAM.NS,0.02702702702702703,0.02139703452161834,0.018397034521618342,8.108108108108109e-05
2026-08-04,2026-08-11,BSE.NS,0.02702702702702703,-0.016129498671188958,-0.019129498671188957,8.108108108108109e-05
2026-08-04,2026-08-11,KPIL.NS,0.02702702702702703,0.05335941314697257,0.050359413146972565,8.108108108108109e-05
2026-08-04,2026-08-11,RAYMOND.NS,0.02702702702702703,0.026748971193415683,0.023748971193415683,8.108108108108109e-05
2026-08-04,2026-08-11,LAURUSLABS.NS,0.02702702702702703,0.0012405872859357903,-0.0017594127140642098,8.108108108108109e-05
2026-08-04,2026-08-11,ZYDUSLIFE.NS,0.02702702702702703,0.053097345132743445,0.05009734513274344,8.108108108108109e-05
2026-08-04,2026-08-11,NAM-INDIA.NS,0.02702702702702703,-0.022203851556027332,-0.02520385155602733,8.108108108108109e-05
2026-08-04,2026-08-11,KEI.NS,0.02702702702702703,0.029339344555821212,0.026339344555821213,8.108108108108109e-05
2026-08-04,2026-08-11,EXIDEIND.NS,0.02702702702702703,0.05434782608695654,0.05134782608695654,8.108108108108109e-05
2026-08-11,2026-08-18,^NSEI,0.02702702702702703,-0.01309220971861369,-0.01609220971861369,8.108108108108109e-05
2026-08-11,2026-08-18,RELIANCE.NS,0.02702702702702703,-0.002719220122026078,-0.005719220122026078,8.108108108108109e-05
2026-08-11,2026-08-18,LT.NS,0.02702702702702703,0.006438831104507159,0.003438831104507159,8.108108108108109e-05
2026-08-11,2026-08-18,MARUTI.NS,0.02702702702702703,-0.01758398856325949,-0.02058398856325949,8.108108108108109e-05
2026-08-11,2026-08-18,M&M.NS,0.02702702702702703,-0.01843932047055641,-0.021439320470556408,8.108108108108109e-05
2026-08-11,2026-08-18,ONGC.NS,0.02702702702702703,0.004583385889134872,0.0015833858891348722,8.108108108108109e-05
2026-08-11,2026-08-18,BPCL.NS,0.02702702702702703,-0.021135685195682208,-0.024135685195682207,8.108108108108109e-05
2026-08-11,2026-08-18,CIPLA.NS,0.02702702702702703,-0.021232876712328763,-0.024232876712328762,8.108108108108109e-05
2026-08-11,2026-08-18,BAJAJ-AUTO.NS,0.02702702702702703,-0.01040156876119025,-0.013401568761190249,8.108108108108109e-05
2026-08-11,2026-08-18,VBL.NS,0.02702702702702703,-0.005465089217444263,-0.008465089217444263,8.108108108108109e-05
2026-08-11,2026-08-18,GAIL.NS,0.02702702702702703,-0.01562673880769061,-0.01862673880769061,8.108108108108109e-05
2026-08-11,2026-08-18,POLYCAB.NS,0.02702702702702703,-0.0021917808219178436,-0.005191780821917844,8.108108108108109e-05
2026-08-11,2026-08-18,PFC.NS,0.02702702702702703,-0.015879194676709507,-0.018879194676709506,8.108108108108109e-05
2026-08-11,2026-08-18,IRFC.NS,0.02702702702702703,-0.020475520154410454,-0.023475520154410453,8.108108108108109e-05
2026-08-11,2026-08-18,OIL.NS,0.02702702702702703,0.029455353232753057,0.026455353232753057,8.108108108108109e-05
2026-08-11,2026-08-18,HINDPETRO.NS,0.02702702702702703,-0.015542361191284382,-0.01854236119128438,8.108108108108109e-05
2026-08-11,2026-08-18,IOC.NS,0.02702702702702703,-0.013542728980502683,-0.016542728980502682,8.108108108108109e-05
2026-08-11,2026-08-18,PETRONET.NS,0.02702702702702703,0.03339350180505418,0.030393501805054183,8.108108108108109e-05
2026-08-11,2026-08-18,JINDALSTEL.NS,0.02702702702702703,0.005748211897161681,0.0027482118971616813,8.108108108108109e-05
2026-08-11,2026-08-18,SAIL.NS,0.02702702702702703,-0.016156167151995526,-0.019156167151995526,8.108108108108109e-05
2026-08-11,2026-08-18,ASHOKLEY.NS,0.02702702702702703,0.0009723626789730488,-0.0020276373210269512,8.108108108108109e-05
2026-08-11,2026-08-18,MRF.NS,0.02702702702702703,0.014938421772844768,0.011938421772844768,8.108108108108109e-05
2026-08-11,2026-08-18,APOLLOTYRE.NS,0.02702702702702703,-0.019187358916478603,-0.022187358916478602,8.108108108108109e-05
2026-08-11,2026-08-18,NYKAA.NS,0.02702702702702703,-0.01626262010502577,-0.01926262010502577,8.108108108108109e-05
2026-08-11,2026-08-18,DELHIVERY.NS,0.02702702702702703,-0.05333468596043689,-0.05633468596043689,8.108108108108109e-05
2026-08-11,2026-08-18,INDIAMART.NS,0.02702702702702703,-0.02502780867630705,-0.02802780867630705,8.108108108108109e-05
2026-08-11,2026-08-18,BLUESTARCO.NS,0.02702702702702703,0.0006008574667155653,-0.0023991425332844348,8.108108108108109e-05
2026-08-11,2026-08-18,GLENMARK.NS,0.02702702702702703,0.010984170097995127,0.007984170097995128,8.108108108108109e-05
2026-08-11,2026-08-18,MCX.NS,0.02702702702702703,0.0320404749955856,0.0290404749955856,8.108108108108109e-05
2026-08-11,2026-08-18,BSE.NS,0.02702702702702703,-0.0798890429958391,-0.0828890429958391,8.108108108108109e-05
2026-08-11,2026-08-18,HUDCO.NS,0.02702702702702703,-0.036262401264563926,-0.03926240126456393,8.108108108108109e-05
2026-08-11,2026-08-18,KEC.NS,0.02702702702702703,-0.049245745986241096,-0.0522457459862411,8.108108108108109e-05
2026-08-11,2026-08-18,SYNGENE.NS,0.02702702702702703,-0.01585365853658538,-0.01885365853658538,8.108108108108109e-05
2026-08-11,2026-08-18,LAURUSLABS.NS,0.02702702702702703,-0.022787290694103457,-0.025787290694103456,8.108108108108109e-05
2026-08-11,2026-08-18,NATCOPHARM.NS,0.02702702702702703,-0.009912399924209225,-0.012912399924209225,8.108108108108109e-05
2026-08-11,2026-08-18,TIINDIA.NS,0.02702702702702703,0.058345306176933454,0.05534530617693345,8.108108108108109e-05
2026-08-11,2026-08-18,EXIDEIND.NS,0.02702702702702703,-0.04072164948453605,-0.04372164948453605,8.108108108108109e-05
2026-08-18,2026-08-25,ASIANPAINT.NS,0.02702702702702703,0.013676153273809444,0.010676153273809445,8.108108108108109e-05
2026-08-18,2026-08-25,MARUTI.NS,0.02702702702702703,0.00043655413271248555,-0.0025634458672875145,8.108108108108109e-05
2026-08-18,2026-08-25,EICHERMOT.NS,0.02702702702702703,0.003929395621530496,0.0009293956215304959,8.108108108108109e-05
2026-08-18,2026-08-25,DRREDDY.NS,0.02702702702702703,0.015359672007003944,0.012359672007003945,8.108108108108109e-05
2026-08-18,2026-08-25,BAJAJ-AUTO.NS,0.02702702702702703,0.026104936676143664,0.023104936676143665,8.108108108108109e-05
2026-08-18,2026-08-25,YESBANK.NS,0.02702702702702703,0.004444461398654509,0.001444461398654509,8.108108108108109e-05
2026-08-18,2026-08-25,ABB.NS,0.02702702702702703,0.013953488372093092,0.010953488372093093,8.108108108108109e-05
2026-08-18,2026-08-25,CHOLAFIN.NS,0.02702702702702703,0.004769318112909815,0.001769318112909815,8.108108108108109e-05
2026-08-18,2026-08-25,TVSMOTOR.NS,0.02702702702702703,0.011346299917488256,0.008346299917488257,8.108108108108109e-05
2026-08-18,2026-08-25,POLYCAB.NS,0.02702702702702703,0.0027457440966502933,-0.0002542559033497068,8.108108108108109e-05
2026-08-18,2026-08-25,COLPAL.NS,0.02702702702702703,-0.014750643352198112,-0.01775064335219811,8.108108108108109e-05
2026-08-18,2026-08-25,BHEL.NS,0.02702702702702703,-0.016470588235294126,-0.019470588235294125,8.108108108108109e-05
2026-08-18,2026-08-25,TATACOMM.NS,0.02702702702702703,0.008902077151335286,0.005902077151335286,8.108108108108109e-05
2026-08-18,2026-08-25,MPHASIS.NS,0.02702702702702703,-0.013839519225862462,-0.01683951922586246,8.108108108108109e-05
2026-08-18,2026-08-25,COFORGE.NS,0.02702702702702703,0.0634636735116969,0.0604636735116969,8.108108108108109e-05
2026-08-18,2026-08-25,TORNTPOWER.NS,0.02702702702702703,-0.013044142624860977,-0.016044142624860976,8.108108108108109e-05
2026-08-18,2026-08-25,SAIL.NS,0.02702702702702703,0.09446735508146431,0.09146735508146431,8.108108108108109e-05
2026-08-18,2026-08-25,ASHOKLEY.NS,0.02702702702702703,0.0032571847098215034,0.00025718470982150337,8.108108108108109e-05
2026-08-18,2026-08-25,ESCORTS.NS,0.02702702702702703,0.0025798968328294425,-0.0004201031671705576,8.108108108108109e-05
2026-08-18,2026-08-25,BALKRISIND.NS,0.02702702702702703,-0.0005462390034138842,-0.0035462390034138843,8.108108108108109e-05
2026-08-18,2026-08-25,MRF.NS,0.02702702702702703,-3.7451780832142845e-05,-0.003037451780832143,8.108108108108109e-05
2026-08-18,2026-08-25,APOLLOTYRE.NS,0.02702702702702703,0.02243958573072491,0.01943958573072491,8.108108108108109e-05
2026-08-18,2026-08-25,PAGEIND.NS,0.02702702702702703,-0.020307354555433643,-0.023307354555433642,8.108108108108109e-05
2026-08-18,2026-08-25,RELAXO.NS,0.02702702702702703,-0.04743387343700245,-0.05043387343700245,8.108108108108109e-05
2026-08-18,2026-08-25,NYKAA.NS,0.02702702702702703,0.04132875779085854,0.038328757790858536,8.108108108108109e-05
2026-08-18,2026-08-25,CUMMINSIND.NS,0.02702702702702703,-0.03329246439686884,-0.03629246439686884,8.108108108108109e-05
2026-08-18,2026-08-25,GLENMARK.NS,0.02702702702702703,0.039634914476085914,0.03663491447608591,8.108108108108109e-05
2026-08-18,2026-08-25,GODREJPROP.NS,0.02702702702702703,0.0288374761599568,0.0258374761599568,8.108108108108109e-05
2026-08-18,2026-08-25,M&MFIN.NS,0.02702702702702703,-0.00660284368188957,-0.009602843681889569,8.108108108108109e-05
2026-08-18,2026-08-25,MANAPPURAM.NS,0.02702702702702703,0.06496892779658214,0.06196892779658214,8.108108108108109e-05
2026-08-18,2026-08-25,BSE.NS,0.02702702702702703,0.002411817907747915,-0.0005881820922520849,8.108108108108109e-05
2026-08-18,2026-08-25,KEC.NS,0.02702702702702703,-0.0016332529096189097,-0.00463325290961891,8.108108108108109e-05
2026-08-18,2026-08-25,LAURUSLABS.NS,0.02702702702702703,0.0314773845567462,0.028477384556746203,8.108108108108109e-05
2026-08-18,2026-08-25,ZYDUSLIFE.NS,0.02702702702702703,0.010577311837899117,0.007577311837899117,8.108108108108109e-05
2026-08-18,2026-08-25,NAM-INDIA.NS,0.02702702702702703,0.042327613352000526,0.03932761335200052,8.108108108108109e-05
2026-08-18,2026-08-25,TIINDIA.NS,0.02702702702702703,-0.013663228821638507,-0.016663228821638506,8.108108108108109e-05
2026-08-18,2026-08-25,EXIDEIND.NS,0.02702702702702703,-0.033100470492174905,-0.03610047049217491,8.108108108108109e-05
2026-08-25,2026-09-01,BHARTIARTL.NS,0.02702702702702703,-0.03335919317300229,-0.03635919317300229,8.108108108108109e-05
2026-08-25,2026-09-01,LT.NS,0.02702702702702703,-0.03597472046669903,-0.03897472046669903,8.108108108108109e-05
2026-08-25,2026-09-01,COALINDIA.NS,0.02702702702702703,0.007901269587510251,0.004901269587510251,8.108108108108109e-05
2026-08-25,2026-09-01,ONGC.NS,0.02702702702702703,0.017515360880276276,0.014515360880276277,8.108108108108109e-05
2026-08-25,2026-09-01,DLF.NS,0.02702702702702703,-0.03197674418604646,-0.03497674418604646,8.108108108108109e-05
2026-08-25,2026-09-01,HAL.NS,0.02702702702702703,-0.018944499978225893,-0.021944499978225892,8.108108108108109e-05
2026-08-25,2026-09-01,BEL.NS,0.02702702702702703,-0.01032179720704307,-0.01332179720704307,8.108108108108109e-05
2026-08-25,2026-09-01,POLYCAB.NS,0.02702702702702703,-0.027765607886089838,-0.030765607886089837,8.108108108108109e-05
2026-08-25,2026-09-01,PFC.NS,0.02702702702702703,-0.05365831542592148,-0.05665831542592148,8.108108108108109e-05
2026-08-25,2026-09-01,IRFC.NS,0.02702702702702703,-0.04203440119752788,-0.045034401197527885,8.108108108108109e-05
2026-08-25,2026-09-01,COCHINSHIP.NS,0.02702702702702703,-0.03414153052813729,-0.03714153052813729,8.108108108108109e-05
2026-08-25,2026-09-01,TATACOMM.NS,0.02702702702702703,0.01941176470588246,0.016411764705882462,8.108108108108109e-05
2026-08-25,2026-09-01,LUPIN.NS,0.02702702702702703,-0.010756103122845362,-0.013756103122845361,8.108108108108109e-05
2026-08-25,2026-09-01,IDFCFIRSTB.NS,0.02702702702702703,-0.006691708062715129,-0.009691708062715128,8.108108108108109e-05
2026-08-25,2026-09-01,FEDERALBNK.NS,0.02702702702702703,0.002153625269203152,-0.000846374730796848,8.108108108108109e-05
2026-08-25,2026-09-01,MRPL.NS,0.02702702702702703,-0.004125307718025106,-0.007125307718025106,8.108108108108109e-05
2026-08-25,2026-09-01,COROMANDEL.NS,0.02702702702702703,-0.0035363506899933617,-0.006536350689993362,8.108108108108109e-05
2026-08-25,2026-09-01,RELAXO.NS,0.02702702702702703,-0.023129251700680253,-0.026129251700680253,8.108108108108109e-05
2026-08-25,2026-09-01,NYKAA.NS,0.02702702702702703,0.003594373723273314,0.0005943737232733141,8.108108108108109e-05
2026-08-25,2026-09-01,DELHIVERY.NS,0.02702702702702703,0.02400893355667222,0.02100893355667222,8.108108108108109e-05
2026-08-25,2026-09-01,INDIAMART.NS,0.02702702702702703,-0.0010783951346469145,-0.0040783951346469146,8.108108108108109e-05
2026-08-25,2026-09-01,CARBORUNIV.NS,0.02702702702702703,-0.015828967934871985,-0.018828967934871984,8.108108108108109e-05
2026-08-25,2026-09-01,CUMMINSIND.NS,0.02702702702702703,-0.007024390243902445,-0.010024390243902444,8.108108108108109e-05
2026-08-25,2026-09-01,SKFINDIA.NS,0.02702702702702703,-0.03203383631517476,-0.03503383631517476,8.108108108108109e-05
2026-08-25,2026-09-01,TIMKEN.NS,0.02702702702702703,0.005273220348237073,0.002273220348237073,8.108108108108109e-05
2026-08-25,2026-09-01,AMBER.NS,0.02702702702702703,0.005113024757804174,0.0021130247578041743,8.108108108108109e-05
2026-08-25,2026-09-01,PRESTIGE.NS,0.02702702702702703,-0.036214493403692094,-0.0392144934036921,8.108108108108109e-05
2026-08-25,2026-09-01,POONAWALLA.NS,0.02702702702702703,-0.04304221863937896,-0.04604221863937896,8.108108108108109e-05
2026-08-25,2026-09-01,LTF.NS,0.02702702702702703,-0.03726227549787808,-0.040262275497878086,8.108108108108109e-05
2026-08-25,2026-09-01,BSE.NS,0.02702702702702703,-0.030796963110902298,-0.0337969631109023,8.108108108108109e-05
2026-08-25,2026-09-01,KEC.NS,0.02702702702702703,-0.030147216827502654,-0.03314721682750266,8.108108108108109e-05
2026-08-25,2026-09-01,KPIL.NS,0.02702702702702703,0.013164555894917829,0.01016455589491783,8.108108108108109e-05
2026-08-25,2026-09-01,NATCOPHARM.NS,0.02702702702702703,-0.033067274800456126,-0.03606727480045613,8.108108108108109e-05
2026-08-25,2026-09-01,NAM-INDIA.NS,0.02702702702702703,-0.050944087865190224,-0.05394408786519023,8.108108108108109e-05
2026-08-25,2026-09-01,TIINDIA.NS,0.02702702702702703,-0.05296345664089419,-0.055963456640894194,8.108108108108109e-05
2026-08-25,2026-09-01,KEI.NS,0.02702702702702703,-0.047321428571428625,-0.05032142857142863,8.108108108108109e-05
2026-08-25,2026-09-01,EXIDEIND.NS,0.02702702702702703,-0.03301101678789009,-0.03601101678789009,8.108108108108109e-05
2026-09-01,2026-09-08,ICICIBANK.NS,0.02702702702702703,-0.02048975627823535,-0.02348975627823535,8.108108108108109e-05
2026-09-01,2026-09-08,SBIN.NS,0.02702702702702703,-0.02631578947368418,-0.02931578947368418,8.108108108108109e-05
2026-09-01,2026-09-08,SUNPHARMA.NS,0.02702702702702703,-0.009109960426210706,-0.012109960426210705,8.108108108108109e-05
2026-09-01,2026-09-08,ADANIENT.NS,0.02702702702702703,0.035002395904092376,0.03200239590409237,8.108108108108109e-05
2026-09-01,2026-09-08,INDUSINDBK.NS,0.02702702702702703,0.009137055837563413,0.0061370558375634125,8.108108108108109e-05
2026-09-01,2026-09-08,TECHM.NS,0.02702702702702703,-0.06073619631901839,-0.06373619631901839,8.108108108108109e-05
2026-09-01,2026-09-08,BPCL.NS,0.02702702702702703,-0.038289048296486494,-0.0412890482964865,8.108108108108109e-05
2026-09-01,2026-09-08,DIVISLAB.NS,0.02702702702702703,0.049717699939702875,0.04671769993970287,8.108108108108109e-05
2026-09-01,2026-09-08,APOLLOHOSP.NS,0.02702702702702703,0.016705069124423932,0.013705069124423933,8.108108108108109e-05
2026-09-01,2026-09-08,IDEA.NS,0.02702702702702703,0.0878186813858508,0.0848186813858508,8.108108108108109e-05
2026-09-01,2026-09-08,BANDHANBNK.NS,0.02702702702702703,0.05962736710258154,0.05662736710258154,8.108108108108109e-05
2026-09-01,2026-09-08,DLF.NS,0.02702702702702703,0.006306324635181992,0.0033063246351819923,8.108108108108109e-05
2026-09-01,2026-09-08,ABB.NS,0.02702702702702703,0.003878342518881306,0.0008783425188813058,8.108108108108109e-05
2026-09-01,2026-09-08,GAIL.NS,0.02702702702702703,0.006373063764939069,0.0033730637649390686,8.108108108108109e-05
2026-09-01,2026-09-08,TVSMOTOR.NS,0.02702702702702703,-0.015834932821497172,-0.01883493282149717,8.108108108108109e-05
2026-09-01,2026-09-08,BHEL.NS,0.02702702702702703,-0.0033053805615234078,-0.006305380561523408,8.108108108108109e-05
2026-09-01,2026-09-08,TATACOMM.NS,0.02702702702702703,0.010963646855164377,0.007963646855164378,8.108108108108109e-05
2026-09-01,2026-09-08,AUBANK.NS,0.02702702702702703,-0.0020500896672500657,-0.005050089667250066,8.108108108108109e-05
2026-09-01,2026-09-08,IDFCFIRSTB.NS,0.02702702702702703,0.02210143875537618,0.01910143875537618,8.108108108108109e-05
2026-09-01,2026-09-08,FEDERALBNK.NS,0.02702702702702703,-0.021489971346704828,-0.024489971346704827,8.108108108108109e-05
2026-09-01,2026-09-08,COFORGE.NS,0.02702702702702703,-0.07842639593908629,-0.0814263959390863,8.108108108108109e-05
2026-09-01,2026-09-08,CHENNPETRO.NS,0.02702702702702703,0.05005014008018738,0.047050140080187375,8.108108108108109e-05
2026-09-01,2026-09-08,PETRONET.NS,0.02702702702702703,-0.02540498621323528,-0.02840498621323528,8.108108108108109e-05
2026-09-01,2026-09-08,NMDC.NS,0.02702702702702703,-0.002355766478705612,-0.005355766478705612,8.108108108108109e-05
2026-09-01,2026-09-08,NATIONALUM.NS,0.02702702702702703,0.0009417627048666777,-0.0020582372951333224,8.108108108108109e-05
2026-09-01,2026-09-08,NYKAA.NS,0.02702702702702703,0.01716161829426177,0.014161618294261772,8.108108108108109e-05
2026-09-01,2026-09-08,PAYTM.NS,0.02702702702702703,0.030035025580332553,0.027035025580332554,8.108108108108109e-05
2026-09-01,2026-09-08,POLICYBZR.NS,0.02702702702702703,-0.01585565882996176,-0.01885565882996176,8.108108108108109e-05
2026-09-01,2026-09-08,GLENMARK.NS,0.02702702702702703,0.0129938502418534,0.0099938502418534,8.108108108108109e-05
2026-09-01,2026-09-08,GODREJPROP.NS,0.02702702702702703,-0.022820512820512784,-0.025820512820512783,8.108108108108109e-05
2026-09-01,2026-09-08,PRESTIGE.NS,0.02702702702702703,-0.005120983388841371,-0.00812098338884137,8.108108108108109e-05
2026-09-01,2026-09-08,UNIONBANK.NS,0.02702702702702703,-0.009536784741144388,-0.012536784741144388,8.108108108108109e-05
2026-09-01,2026-09-08,LAURUSLABS.NS,0.02702702702702703,0.050561232306819415,0.04756123230681941,8.108108108108109e-05
2026-09-01,2026-09-08,ZYDUSLIFE.NS,0.02702702702702703,-0.01574805206229768,-0.01874805206229768,8.108108108108109e-05
2026-09-01,2026-09-08,RADICO.NS,0.02702702702702703,0.0024501870486162147,-0.0005498129513837853,8.108108108108109e-05
2026-09-01,2026-09-08,KEI.NS,0.02702702702702703,-0.11490159325210869,-0.1179015932521087,8.108108108108109e-05
2026-09-01,2026-09-08,EXIDEIND.NS,0.02702702702702703,-0.03885056068157322,-0.04185056068157322,8.108108108108109e-05
